Customer_ID,Age,Gender,City,Employment_Type,Annual_Income,Loan_Amount,Loan_Purpose,Credit_Score,Loan_Tenure_Years,EMI_Amount,Payment_History,Loan_Status
CUST01317,44,Male,Kolkata,Self-Employed,1666760,1907845,Education Loan,854,10,15898.71,Missed,Defaulted
CUST01001,26,Male,Ahmedabad,Self-Employed,1883523,1334283,Education Loan,,6,18531.71,Good,Defaulted
CUST01069,36,Female,Mumbai,Business Owner,1791218,2487839,Business Loan,491,2,103659.96,Excellent,Defaulted
CUST01968,50,Male,Ahmedabad,Salaried,1641246,3829337,Education Loan,336,3,106370.47,Excellent,Defaulted
CUST00530,52,Male,Ahmedabad,Self-Employed,1835288,4969161,Education Loan,695,14,29578.34,Good,Approved
CUST01283,55,Female,Delhi,Self-Employed,2037753,4501116,Car Loan,422,17,22064.29,Excellent,Defaulted
CUST00415,33,Female,Pune,Freelancer,1068374,128116,Car Loan,701,12,889.69,Delayed,Approved
CUST00983,63,Female,Bangalore,Salaried,1721466,829091,Home Loan,326,17,4064.17,Missed,Defaulted
CUST00417,37,Male,Pune,Salaried,229725,2072643,Personal Loan,337,12,14393.35,Missed,Defaulted
CUST01472,61,Female,Bangalore,Freelancer,595395,3665590,Home Loan,647,2,152732.92,Missed,Defaulted
CUST01525,51,Female,Jaipur,Business Owner,,4708234,Personal Loan,873,1,392352.83,Delayed,Defaulted
CUST01576,35,Male,Lucknow,Business Owner,503664,4462903,Business Loan,681,1,371908.58,Delayed,Defaulted
CUST00252,56,Female,Ahmedabad,Salaried,1746236,2792455,Car Loan,,12,19392.05,Good,Defaulted
CUST01622,26,Male,Mumbai,Self-Employed,473586,1025112,Home Loan,881,2,42713,Good,Approved
CUST00071,44,Male,Kolkata,Salaried,249104,4267690,Home Loan,387,4,88910.21,Good,Defaulted
CUST01107,49,Male,Chennai,Business Owner,2339879,3568920,Business Loan,566,3,99136.67,Good,Rejected
CUST01363,64,Female,Lucknow,,1606978,2995081,Car Loan,399,9,27732.23,Delayed,Defaulted
CUST00351,46,Male,Ahmedabad,Salaried,1203171,1328673,Personal Loan,808,14,7908.77,Missed,Defaulted
CUST01392,37,Female,Lucknow,Business Owner,2236982,3596293,Personal Loan,679,7,42813.01,Excellent,Rejected
CUST01088,64,Female,Mumbai,Salaried,1561871,1654592,Business Loan,661,8,17235.33,Good,Rejected
CUST00066,35,Female,Ahmedabad,,395246,638574,Business Loan,528,9,5912.72,Good,Rejected
CUST00980,24,Female,Hyderabad,Freelancer,1993795,1596064,Education Loan,510,5,26601.07,Excellent,Rejected
CUST00125,48,Male,Ahmedabad,Salaried,1035036,2685466,Home Loan,468,8,27973.6,Excellent,Defaulted
CUST01269,61,Female,Mumbai,Salaried,1911952,1821503,Personal Loan,826,3,50597.31,Delayed,Rejected
CUST01682,45,Female,Mumbai,Business Owner,1985818,1016325,Personal Loan,437,1,84693.75,Delayed,Defaulted
CUST01316,38,Female,Mumbai,Freelancer,962371,878411,Personal Loan,811,16,4575.06,Good,Approved
CUST00544,35,Male,Chennai,Business Owner,,4511902,Car Loan,846,9,41776.87,Delayed,Defaulted
CUST00874,41,Female,Kolkata,Salaried,392512,3974152,Business Loan,661,8,41397.42,Good,Defaulted
CUST01492,53,Female,Hyderabad,Self-Employed,,2167191,Home Loan,821,3,60199.75,Missed,Defaulted
CUST01944,59,Male,Ahmedabad,Business Owner,555054,3397526,Business Loan,538,15,18875.14,Delayed,Defaulted
CUST01621,40,Female,Kolkata,Freelancer,2177334,3850760,Home Loan,800,19,16889.3,Missed,Defaulted
CUST00375,36,Male,Jaipur,Business Owner,1063403,2871839,Business Loan,728,15,15954.66,Delayed,Rejected
CUST01248,61,Female,Mumbai,Freelancer,1558097,3133128,Business Loan,801,5,52218.8,Good,Approved
CUST00213,27,Female,Delhi,Freelancer,1956124,4159404,Business Loan,389,13,26662.85,Delayed,Defaulted
CUST00875,49,Male,Pune,Freelancer,1161703,958017,Car Loan,732,15,5322.32,Delayed,Approved
CUST00325,24,Female,Lucknow,Freelancer,1221318,2856284,Education Loan,816,15,15868.24,Good,Approved
CUST00030,49,Male,Lucknow,Self-Employed,2149022,4713062,Business Loan,745,14,28053.94,Missed,Defaulted
CUST01836,31,Male,Chennai,Business Owner,2232816,3126263,Home Loan,847,5,52104.38,Excellent,Approved
CUST00781,22,Male,Jaipur,Business Owner,325149,220948,Business Loan,414,12,1534.36,Good,Defaulted
CUST00290,43,Female,Hyderabad,Freelancer,919401,969134,Education Loan,492,10,8076.12,Delayed,Defaulted
CUST01264,32,Male,Jaipur,Salaried,2430324,2752303,Personal Loan,795,17,13491.68,Good,Approved
CUST00496,30,Male,Delhi,Freelancer,2327599,4694081,Home Loan,576,12,32597.78,Excellent,Rejected
CUST00271,39,Male,Lucknow,Salaried,902436,4280987,Car Loan,306,14,25482.07,Excellent,Defaulted
CUST00965,59,Male,Delhi,Self-Employed,2129341,2048547,Home Loan,857,19,8984.86,Good,Approved
CUST00353,34,Female,Delhi,Self-Employed,1570485,3507521,Education Loan,574,17,17193.73,Good,Rejected
CUST00101,28,Female,Jaipur,Salaried,404451,2548578,Home Loan,638,11,19307.41,Excellent,Defaulted
CUST00737,63,Female,Lucknow,Salaried,,3621387,Education Loan,372,13,23214.02,Good,Defaulted
CUST00255,24,Male,Delhi,Salaried,794305,345599,Education Loan,827,14,2057.14,Delayed,Rejected
CUST01423,55,Male,Ahmedabad,Freelancer,2101740,3332808,Personal Loan,765,13,21364.15,Delayed,Approved
CUST00586,60,Female,Mumbai,Self-Employed,1426408,4827421,Education Loan,599,14,28734.65,Good,Rejected
CUST00553,33,Male,Delhi,Self-Employed,,2927429,Education Loan,842,13,18765.57,Delayed,Approved
CUST00744,31,Female,Jaipur,Salaried,783098,4518653,Car Loan,613,1,376554.42,Missed,Defaulted
CUST00057,27,Female,Jaipur,Business Owner,1282660,4181146,Education Loan,642,10,34842.88,Excellent,Approved
CUST00394,40,Female,Jaipur,Self-Employed,832543,4450852,Home Loan,570,13,28531.1,Missed,Defaulted
CUST01365,47,Female,Kolkata,Freelancer,1063659,674773,Business Loan,604,15,3748.74,Delayed,Rejected
CUST00614,62,Female,Lucknow,Business Owner,2131342,3898189,Car Loan,453,17,19108.77,Good,Defaulted
CUST01002,31,Male,Jaipur,Self-Employed,1657640,3868971,Personal Loan,443,9,35823.81,Missed,Defaulted
CUST01024,26,Male,Chennai,Business Owner,1742247,2469493,Home Loan,693,9,22865.68,Delayed,Rejected
CUST01713,55,Female,Chennai,Self-Employed,2022744,2951884,Home Loan,658,5,49198.07,Good,Approved
CUST00681,52,Male,Ahmedabad,Business Owner,719165,921158,Personal Loan,346,10,7676.32,Delayed,Defaulted
CUST01564,57,Female,Chennai,Self-Employed,612672,1431710,Home Loan,361,10,11930.92,Good,Defaulted
CUST01524,64,Female,Bangalore,Salaried,2489181,102949,Car Loan,530,17,504.65,Missed,Defaulted
CUST01898,29,Female,Lucknow,Salaried,1652591,820348,Business Loan,721,2,34181.17,Missed,Defaulted
CUST00614,62,Female,Lucknow,Business Owner,2131342,3898189,Car Loan,453,17,19108.77,Good,Defaulted
CUST00535,33,Male,Ahmedabad,Salaried,1152246,2055534,Car Loan,792,7,24470.64,Excellent,Approved
CUST00308,38,Male,Ahmedabad,Business Owner,1255675,1866760,Home Loan,,9,17284.81,Excellent,Rejected
CUST00969,54,Female,Ahmedabad,Self-Employed,1533572,4379454,Education Loan,554,17,21467.91,Missed,Defaulted
CUST01469,63,Female,Mumbai,Salaried,828889,1621480,Car Loan,435,2,67561.67,Excellent,Defaulted
CUST01936,34,Female,Kolkata,Self-Employed,1367272,3971087,Car Loan,,5,66184.78,Delayed,Rejected
CUST00549,50,Male,Lucknow,Business Owner,858003,482829,Home Loan,483,7,5747.96,Delayed,Defaulted
CUST01126,35,Male,Mumbai,Freelancer,1185132,3331837,Home Loan,319,4,69413.27,Delayed,Defaulted
CUST00412,43,Male,Delhi,Salaried,2364412,3196779,Car Loan,883,17,15670.49,Delayed,Approved
CUST01407,46,Female,Hyderabad,Freelancer,1973055,4791875,Car Loan,702,15,26621.53,Excellent,Approved
CUST01419,60,Male,Chennai,Freelancer,2006684,4827347,Home Loan,693,17,23663.47,Missed,Defaulted
CUST01250,33,Male,Pune,Salaried,1494315,3144510,Personal Loan,486,12,21836.88,Missed,Defaulted
CUST01952,62,Male,Pune,Salaried,642899,3043220,Personal Loan,464,14,18114.4,Missed,Defaulted
CUST00257,45,Female,Delhi,Business Owner,1482789,647904,Car Loan,444,13,4153.23,Delayed,Defaulted
CUST01086,48,Male,Mumbai,Self-Employed,417770,1458277,Home Loan,704,13,9347.93,Good,Rejected
CUST00731,55,Female,Bangalore,Business Owner,643316,2340146,Personal Loan,688,3,65004.06,Excellent,Approved
CUST01495,61,Female,Pune,Salaried,1719593,1589663,Personal Loan,494,2,66235.96,Good,Defaulted
CUST01857,58,Female,Jaipur,Freelancer,390920,1836852,Personal Loan,355,12,12755.92,Excellent,Defaulted
CUST00345,64,Female,Jaipur,Salaried,1457008,4482027,Business Loan,497,12,31125.19,Excellent,Defaulted
CUST01961,36,Male,Bangalore,Business Owner,2062205,2598600,Car Loan,538,1,216550,Good,Rejected
CUST01424,46,Female,Jaipur,Business Owner,1654089,2019412,Personal Loan,758,12,14023.69,Missed,Defaulted
CUST01890,59,Female,Delhi,Self-Employed,1349122,3799199,Home Loan,752,14,22614.28,Delayed,Approved
CUST01186,26,Female,Ahmedabad,Salaried,2463429,4594350,Home Loan,700,10,38286.25,Excellent,Approved
CUST01478,36,Male,Hyderabad,Salaried,2390482,4467338,Car Loan,673,18,20682.12,Excellent,Rejected
CUST01994,55,Female,Pune,Business Owner,,1893529,Business Loan,359,1,157794.08,Excellent,Defaulted
CUST01780,41,Female,Bangalore,Freelancer,1423451,99768,Home Loan,574,17,489.06,Delayed,Rejected
CUST00300,51,Male,Delhi,Salaried,420169,1367621,Business Loan,744,15,7597.89,Delayed,Approved
CUST01119,50,Female,Ahmedabad,Self-Employed,2232714,3473994,Education Loan,838,13,22269.19,Delayed,Rejected
CUST01926,26,Male,Bangalore,Salaried,1108380,800774,Personal Loan,390,6,11121.86,Missed,Defaulted
CUST01300,58,Female,Ahmedabad,Self-Employed,1836974,4563207,Personal Loan,314,10,38026.72,Excellent,Defaulted
CUST00070,35,Male,Pune,Freelancer,1066964,2632985,Personal Loan,701,4,54853.85,Excellent,Rejected
CUST01568,33,Male,Pune,Freelancer,1758141,2268787,Personal Loan,897,9,21007.29,Delayed,Approved
CUST00573,38,Female,Ahmedabad,Self-Employed,480466,718629,Personal Loan,668,16,3742.86,Missed,Defaulted
CUST01884,46,Female,Pune,Self-Employed,297406,2163048,Home Loan,703,5,36050.8,Missed,Defaulted
CUST01152,44,Male,Lucknow,Business Owner,1731192,3525488,Personal Loan,511,16,18361.92,Good,Rejected
CUST01477,45,Female,Chennai,Salaried,2030791,4663311,Business Loan,607,4,97152.31,Good,Rejected
CUST00880,51,Female,Delhi,Freelancer,910644,1733032,Home Loan,413,5,28883.87,Missed,Defaulted
CUST01768,36,Female,Delhi,Salaried,1525644,3301830,Home Loan,569,16,17197.03,Delayed,Rejected
CUST00819,36,Male,Mumbai,Self-Employed,2434805,1885295,Car Loan,624,3,52369.31,Delayed,Approved
CUST00481,47,Female,Delhi,Business Owner,1985516,1677059,Business Loan,862,6,23292.49,Good,Approved
CUST00100,49,Female,Bangalore,Salaried,1260899,3790030,Business Loan,312,6,52639.31,Excellent,Defaulted
CUST00608,58,Female,Bangalore,Salaried,1024255,1815317,Personal Loan,486,2,75638.21,Excellent,Defaulted
CUST00742,31,Male,Hyderabad,Salaried,1073093,82766,Home Loan,366,18,383.18,Excellent,Defaulted
CUST01631,33,Male,Mumbai,Salaried,445300,4661008,Business Loan,633,9,43157.48,Delayed,Defaulted
CUST01665,38,Female,Chennai,Salaried,1755537,3529799,Business Loan,656,3,98049.97,Excellent,Rejected
CUST00562,30,Male,Jaipur,Self-Employed,451351,616510,Car Loan,763,11,4670.53,Good,Approved
CUST00112,43,Female,Bangalore,Freelancer,1042981,1734449,Education Loan,581,6,24089.57,Delayed,Rejected
CUST01023,48,Male,Delhi,Freelancer,2055227,3932506,Car Loan,532,9,36412.09,Excellent,Rejected
CUST00240,56,Male,Delhi,Freelancer,2133731,4958951,Car Loan,777,11,37567.81,Missed,Defaulted
CUST01212,30,Male,Ahmedabad,Freelancer,2395690,1634645,Education Loan,682,3,45406.81,Delayed,Approved
CUST00129,47,Male,Jaipur,Freelancer,1505487,1596933,Home Loan,339,10,13307.78,Missed,Defaulted
CUST01972,56,Female,Jaipur,Self-Employed,1034440,4739133,Education Loan,844,13,30379.06,Missed,Defaulted
CUST01950,39,Female,Hyderabad,Self-Employed,2214017,1252532,Business Loan,786,3,34792.56,Excellent,Approved
CUST00508,33,Female,Bangalore,Salaried,1939461,4736134,Business Loan,772,17,23216.34,Excellent,Approved
CUST01905,22,Male,Chennai,Freelancer,320076,2158701,Home Loan,865,18,9993.99,Missed,Defaulted
CUST01259,22,Male,Chennai,Business Owner,488816,2251016,Personal Loan,385,1,187584.67,Good,Defaulted
CUST01960,42,Female,Bangalore,Salaried,1721722,2118884,Home Loan,877,16,11035.85,Good,Approved
CUST00707,55,Male,Bangalore,Self-Employed,2331018,2782406,Personal Loan,693,13,17835.94,Delayed,Rejected
CUST01826,56,Female,Ahmedabad,Freelancer,,2927668,Home Loan,424,18,13554.02,Missed,Defaulted
CUST01672,59,Male,Mumbai,Business Owner,1294409,516995,Business Loan,798,1,43082.92,Missed,Defaulted
CUST00520,40,Male,Lucknow,Business Owner,,4524843,Car Loan,647,19,19845.8,Good,Defaulted
CUST00987,51,Male,Chennai,Salaried,2430393,1756930,Home Loan,468,8,18301.35,Excellent,Defaulted
CUST00941,29,Male,Delhi,Self-Employed,1234262,1646246,Education Loan,357,13,10552.86,Missed,Defaulted
CUST01827,58,Female,Bangalore,Freelancer,1674620,856017,Education Loan,378,13,5487.29,Excellent,Defaulted
CUST00904,64,Male,Ahmedabad,Self-Employed,1719825,192157,Education Loan,391,14,1143.79,Excellent,Defaulted
CUST01108,61,Female,Lucknow,Self-Employed,1780932,4078604,Home Loan,368,4,84970.92,Good,Defaulted
CUST01064,47,Female,Kolkata,Freelancer,,2416304,Car Loan,328,17,11844.63,Good,Defaulted
CUST00368,44,Male,Kolkata,Business Owner,615384,4890349,Car Loan,722,16,25470.57,Delayed,Defaulted
CUST00367,53,Female,Lucknow,Self-Employed,1424648,1570180,Car Loan,828,1,130848.33,Excellent,Approved
CUST01422,34,Female,Kolkata,Business Owner,1594316,3269598,Education Loan,404,12,22705.54,,Defaulted
CUST00675,22,Male,Chennai,Business Owner,1649796,2730259,Personal Loan,560,12,18960.13,Excellent,Rejected
CUST01813,59,Male,Kolkata,Freelancer,970692,1930164,Car Loan,655,9,17871.89,Delayed,Rejected
CUST01513,57,Female,Hyderabad,Freelancer,1595796,2546589,Personal Loan,379,18,11789.76,Delayed,Defaulted
CUST00597,34,Female,Lucknow,Salaried,1838497,3760879,Car Loan,391,6,52234.43,Missed,Defaulted
CUST01197,59,Male,Mumbai,Business Owner,1748485,741252,Home Loan,787,7,8824.43,Delayed,Approved
CUST01527,52,Female,Mumbai,Business Owner,1731064,3604184,Education Loan,389,15,20023.24,Excellent,Defaulted
CUST00465,22,Female,Jaipur,Self-Employed,1538486,4511213,Business Loan,802,15,25062.29,Good,Approved
CUST01677,59,Male,Mumbai,Self-Employed,1863129,3424775,Personal Loan,499,15,19026.53,Good,Defaulted
CUST01803,29,Female,Mumbai,Freelancer,1945030,4336476,Business Loan,700,5,72274.6,Excellent,Rejected
CUST01053,30,Male,Chennai,Business Owner,238635,1440598,Personal Loan,596,13,9234.6,Good,Defaulted
CUST01975,32,Male,Mumbai,Salaried,1697404,948704,Personal Loan,500,12,6588.22,Excellent,Rejected
CUST00486,28,Male,Bangalore,Business Owner,2373408,942015,Home Loan,818,14,5607.23,Delayed,Approved
CUST00916,41,Male,Jaipur,Self-Employed,884029,103687,Personal Loan,841,11,785.51,Excellent,Approved
CUST01265,61,Male,Ahmedabad,Self-Employed,393069,2487587,Home Loan,399,2,103649.46,Excellent,Defaulted
CUST00679,38,Male,Mumbai,Salaried,,4862066,Education Loan,720,3,135057.39,Excellent,Defaulted
CUST00830,38,Female,Bangalore,Business Owner,562455,3654724,Personal Loan,765,17,17915.31,Good,Defaulted
CUST00923,36,Male,Delhi,Business Owner,1192382,2069450,Education Loan,361,1,172454.17,Missed,Defaulted
CUST01113,51,Female,Pune,Salaried,1587784,2942531,Business Loan,519,11,22291.9,Delayed,Rejected
CUST00619,24,Male,Delhi,,489768,3913741,Home Loan,648,1,326145.08,Missed,Defaulted
CUST00772,40,Male,Mumbai,Freelancer,1384141,1747818,Education Loan,846,4,36412.88,Good,Approved
CUST01287,30,Male,Ahmedabad,Self-Employed,2411549,2065726,Personal Loan,573,13,13241.83,,Rejected
CUST01545,45,Female,Jaipur,Freelancer,515018,3758201,Business Loan,844,7,44740.49,Excellent,Defaulted
CUST00594,60,Female,Pune,Business Owner,1771951,2760864,Home Loan,,9,25563.56,Excellent,Rejected
CUST00116,56,Male,Mumbai,Salaried,1748075,3049610,Personal Loan,450,16,15883.39,Delayed,Defaulted
CUST00768,24,Male,Jaipur,Salaried,1458870,1966334,Car Loan,748,4,40965.29,Good,Approved
CUST01858,33,Female,Jaipur,Self-Employed,1098332,4586857,Car Loan,502,13,29402.93,Missed,Defaulted
CUST00901,32,Female,Hyderabad,Self-Employed,455948,3096555,Car Loan,612,19,13581.38,Missed,Defaulted
CUST01947,40,Female,Kolkata,Self-Employed,880667,739925,Home Loan,752,11,5605.49,Good,Approved
CUST01441,56,Male,Chennai,Salaried,306611,3829044,Personal Loan,454,7,45583.86,Good,Defaulted
CUST01791,27,Male,Lucknow,Business Owner,1843707,4643321,Business Loan,888,6,64490.57,Delayed,Approved
CUST00889,47,Female,Ahmedabad,Salaried,485521,1302390,Car Loan,471,16,6783.28,Missed,Defaulted
CUST00212,30,Male,Mumbai,Salaried,451537,2434775,Personal Loan,469,9,22544.21,Missed,Defaulted
CUST00451,23,Male,Mumbai,Salaried,1782460,594026,Education Loan,477,6,8250.36,Excellent,Defaulted
CUST01177,44,Male,Lucknow,Self-Employed,1098488,521761,Business Loan,359,10,4348.01,Missed,Defaulted
CUST00706,47,Male,Bangalore,Freelancer,868590,3061165,Home Loan,570,17,15005.71,Missed,Defaulted
CUST01286,23,Female,Ahmedabad,Salaried,1115113,1693083,Business Loan,528,3,47030.08,Excellent,Rejected
CUST01095,50,Female,Delhi,Salaried,518766,4266794,Business Loan,316,8,44445.77,Good,Defaulted
CUST00211,54,Male,Pune,Salaried,752467,402365,Education Loan,550,12,2794.2,Good,Rejected
CUST00121,26,Male,Mumbai,Business Owner,471830,1035257,Car Loan,696,17,5074.79,Missed,Defaulted
CUST01376,37,Male,Delhi,Self-Employed,2021367,2978785,Car Loan,489,15,16548.81,Missed,Defaulted
CUST01641,36,Male,Lucknow,Salaried,1190029,1913907,Personal Loan,412,6,26582.04,Missed,Defaulted
CUST01714,63,Female,Hyderabad,Freelancer,2491136,4077187,Car Loan,826,12,28313.8,Missed,Defaulted
CUST00298,55,Female,Hyderabad,Self-Employed,1252207,3250450,Education Loan,873,7,38695.83,Delayed,Approved
CUST00788,47,Female,Jaipur,Business Owner,2124717,4635315,Personal Loan,781,4,96569.06,Excellent,Approved
CUST00136,51,Male,Hyderabad,Business Owner,2484146,50917,Education Loan,325,16,265.19,Delayed,Defaulted
CUST00484,55,Female,Ahmedabad,Salaried,861616,347584,Car Loan,631,9,3218.37,Missed,Defaulted
CUST01934,62,Female,Pune,Salaried,1429458,271421,Home Loan,655,6,3769.74,Delayed,Rejected
CUST00299,42,Male,Ahmedabad,Self-Employed,504224,2329042,Home Loan,778,19,10215.1,Good,Rejected
CUST00395,49,Female,Jaipur,Salaried,651157,4695287,Education Loan,718,2,195636.96,Delayed,Defaulted
CUST01165,64,Male,Pune,Salaried,2174324,1778782,Personal Loan,826,19,7801.68,Excellent,Approved
CUST01345,44,Female,Kolkata,Salaried,1796853,1538303,Education Loan,620,3,42730.64,Delayed,Rejected
CUST00803,35,Female,Delhi,Salaried,1569363,4772340,Education Loan,754,5,79539,Good,Approved
CUST00985,50,Male,Lucknow,Salaried,982877,2216791,Personal Loan,712,1,184732.58,Good,Approved
CUST00110,56,Female,Mumbai,Freelancer,1547098,1972967,Home Loan,784,10,16441.39,Excellent,Approved
CUST00991,50,Female,Chennai,Self-Employed,1934339,1859771,Education Loan,837,19,8156.89,Good,Approved
CUST00620,37,Female,Delhi,Business Owner,2468185,194771,Car Loan,481,6,2705.15,Missed,Defaulted
CUST00555,31,Male,Delhi,,2292101,3073504,Car Loan,536,13,19701.95,Delayed,Rejected
CUST00423,26,Male,Ahmedabad,Business Owner,,2067337,Education Loan,478,10,17227.81,Excellent,Defaulted
CUST00760,37,Male,Mumbai,Business Owner,614994,3000214,Personal Loan,416,17,14706.93,Excellent,Defaulted
CUST00600,54,Male,Delhi,Business Owner,2390421,2209932,Home Loan,488,13,14166.23,Missed,Defaulted
CUST01010,50,Male,Mumbai,Freelancer,1974329,2724415,Car Loan,724,12,18919.55,Good,Approved
CUST00234,49,Male,Kolkata,Self-Employed,1109711,3951403,Business Loan,379,13,25329.51,Excellent,Defaulted
CUST01489,34,Male,Hyderabad,Self-Employed,1624663,819565,Car Loan,538,17,4017.48,Missed,Defaulted
CUST00603,53,Male,Mumbai,Business Owner,2445218,3584150,Business Loan,427,18,16593.29,Missed,Defaulted
CUST00967,44,Male,Delhi,Business Owner,1758309,4175279,Personal Loan,577,9,38659.99,Delayed,Rejected
CUST01176,54,Male,Kolkata,Self-Employed,1076110,878282,Education Loan,752,2,36595.08,Missed,Defaulted
CUST00307,56,Male,Chennai,Salaried,1927408,375437,Home Loan,745,9,3476.27,Missed,Defaulted
CUST00368,44,Male,Kolkata,Business Owner,615384,4890349,Car Loan,722,16,25470.57,Delayed,Defaulted
CUST00758,52,Female,Delhi,Self-Employed,715693,859359,Home Loan,876,6,11935.54,Missed,Defaulted
CUST01984,47,Male,Hyderabad,Salaried,1731583,3619769,Business Loan,619,16,18852.96,Good,Approved
CUST01583,50,Male,Delhi,Business Owner,512863,1517256,Business Loan,553,6,21073,Missed,Defaulted
CUST01074,47,Female,Ahmedabad,Business Owner,1222892,3327746,Personal Loan,531,13,21331.71,Missed,Defaulted
CUST01745,33,Male,Mumbai,Business Owner,2357280,781636,Personal Loan,309,3,21712.11,Delayed,Defaulted
CUST00621,44,Male,Kolkata,Self-Employed,1761456,1058923,Personal Loan,478,13,6787.97,Missed,Defaulted
CUST00888,27,Female,Delhi,Freelancer,2364563,2233955,Personal Loan,,8,23270.36,Good,Rejected
CUST00539,44,Male,Mumbai,Salaried,1167561,3905798,Home Loan,652,16,20342.7,Missed,Defaulted
CUST00238,51,Female,Chennai,Salaried,1160612,2716981,Car Loan,751,2,113207.54,Good,Approved
CUST01721,30,Male,Mumbai,Freelancer,846047,2704074,Car Loan,722,10,22533.95,Delayed,Rejected
CUST00940,50,Male,Lucknow,Salaried,,4019579,Car Loan,880,5,66992.98,Delayed,Rejected
CUST00221,24,Male,Kolkata,Self-Employed,2296594,763340,Education Loan,498,17,3741.86,Missed,Defaulted
CUST01978,35,Male,Mumbai,Self-Employed,,4452910,Home Loan,693,14,26505.42,Excellent,Approved
CUST01931,27,Female,Kolkata,Salaried,1714101,1434525,Home Loan,884,13,9195.67,Missed,Defaulted
CUST00695,22,Male,Delhi,Freelancer,390237,4028966,Home Loan,832,16,20984.2,Excellent,Defaulted
CUST01106,43,Male,Bangalore,Business Owner,1368932,1613825,Car Loan,384,19,7078.18,Excellent,Defaulted
CUST00711,26,Male,Mumbai,Self-Employed,1716450,3957297,Personal Loan,,11,29979.52,Good,Rejected
CUST00631,49,Male,Ahmedabad,Freelancer,1150162,4717592,Personal Loan,710,12,32761.06,Missed,Defaulted
CUST00977,60,Female,Ahmedabad,Business Owner,1028791,4016914,Personal Loan,580,12,27895.24,Good,Rejected
CUST01766,56,Female,Pune,Salaried,600826,3437990,Home Loan,767,12,23874.93,Delayed,Rejected
CUST00998,43,Male,Bangalore,Freelancer,1132477,187900,Car Loan,,16,978.65,Good,Rejected
CUST00050,56,Male,Kolkata,Freelancer,2462292,4653623,Personal Loan,409,14,27700.14,Delayed,Defaulted
CUST00232,22,Male,Bangalore,Freelancer,2175154,4030053,Personal Loan,679,1,335837.75,Delayed,Approved
CUST00430,42,Male,Mumbai,Self-Employed,1907017,600242,Home Loan,466,15,3334.68,Delayed,Defaulted
CUST00276,62,Male,Hyderabad,Salaried,1384446,3871615,Education Loan,845,16,20164.66,Delayed,Approved
CUST01608,41,Female,Chennai,Self-Employed,1042840,4931539,Business Loan,415,2,205480.79,Excellent,Defaulted
CUST01650,46,Male,Lucknow,Freelancer,770508,4714759,Personal Loan,427,10,39289.66,Missed,Defaulted
CUST01134,50,Female,Pune,Self-Employed,2009595,2317357,Business Loan,622,14,13793.79,Delayed,Approved
CUST01685,33,Female,Ahmedabad,Salaried,1968555,4969831,Business Loan,592,10,41415.26,Missed,Defaulted
CUST01515,59,Male,Ahmedabad,Business Owner,2335730,1213951,Car Loan,776,10,10116.26,Good,Approved
CUST00174,45,Male,Kolkata,Business Owner,867689,3181603,Car Loan,404,17,15596.09,Delayed,Defaulted
CUST01199,30,Female,Chennai,,1107211,176202,Car Loan,372,18,815.75,Good,Defaulted
CUST01190,23,Female,Chennai,Business Owner,402346,2880514,Education Loan,697,18,13335.71,Delayed,Defaulted
CUST01844,51,Male,Lucknow,Freelancer,2314565,2083764,Business Loan,445,6,28941.17,Excellent,Defaulted
CUST01687,36,Male,Delhi,Self-Employed,1481506,1857317,Home Loan,610,17,9104.5,Good,Rejected
CUST00866,52,Female,Bangalore,,2332786,3962487,Home Loan,688,3,110069.08,Good,Approved
CUST00248,58,Male,Delhi,Business Owner,1014037,546440,Personal Loan,768,11,4139.7,Excellent,Approved
CUST01508,62,Male,Pune,Business Owner,,2538144,Education Loan,417,8,26439,Good,Defaulted
CUST01454,30,Female,Chennai,Business Owner,1991376,296331,Car Loan,498,9,2743.81,Delayed,Defaulted
CUST00024,54,Female,Delhi,Salaried,900336,1820394,Education Loan,593,1,151699.5,Good,Rejected
CUST01569,43,Female,Hyderabad,Freelancer,2048058,2845766,Business Loan,681,18,13174.84,Missed,Defaulted
CUST00943,62,Female,Bangalore,Salaried,215434,4955727,Personal Loan,629,13,31767.48,Good,Defaulted
CUST00064,31,Female,Ahmedabad,Business Owner,,3271131,Business Loan,557,11,24781.3,Good,Rejected
CUST00306,25,Female,Lucknow,Freelancer,948321,4121495,Car Loan,605,3,114485.97,Excellent,Rejected
CUST00189,44,Male,Lucknow,Self-Employed,1690687,3152641,Car Loan,514,9,29191.12,Excellent,Rejected
CUST01871,22,Female,Chennai,Salaried,1720373,2205138,Home Loan,694,11,16705.59,Excellent,Approved
CUST01319,37,Male,Kolkata,Business Owner,2192503,1989983,Business Loan,525,6,27638.65,Good,Rejected
CUST01901,59,Male,Delhi,Freelancer,2390652,508819,Home Loan,886,3,14133.86,Excellent,Approved
CUST00927,51,Female,Kolkata,Freelancer,,3578434,Personal Loan,836,10,29820.28,Excellent,Rejected
CUST00942,32,Male,Jaipur,Business Owner,2379431,1869239,Business Loan,405,1,155769.92,Excellent,Defaulted
CUST00810,47,Female,Kolkata,Self-Employed,2000072,447891,Education Loan,355,18,2073.57,Missed,Defaulted
CUST00282,42,Female,Lucknow,Business Owner,2163571,3177640,Personal Loan,752,6,44133.89,Delayed,Approved
CUST00531,40,Female,Kolkata,Freelancer,2429655,2635181,Education Loan,880,17,12917.55,Delayed,Rejected
CUST00197,53,Male,Kolkata,Freelancer,838387,4247079,Education Loan,525,8,44240.41,,Rejected
CUST00652,27,Female,Delhi,Self-Employed,1124133,1109165,Business Loan,808,3,30810.14,Good,Approved
CUST00352,45,Male,Hyderabad,Freelancer,2253607,4165741,Business Loan,621,1,347145.08,Excellent,Approved
CUST01375,54,Female,Lucknow,Freelancer,1012283,1574960,Car Loan,391,16,8202.92,Missed,Defaulted
CUST01979,31,Female,Kolkata,Freelancer,976505,2926262,Car Loan,341,14,17418.23,Good,Defaulted
CUST00908,31,Male,Chennai,Self-Employed,1354424,1325029,Car Loan,535,18,6134.39,Missed,Defaulted
CUST00887,26,Male,Kolkata,Self-Employed,1401838,989695,Home Loan,381,1,82474.58,Delayed,Defaulted
CUST01653,28,Female,Kolkata,Salaried,1768146,3589172,Personal Loan,811,6,49849.61,Delayed,Approved
CUST00773,42,Male,Lucknow,Self-Employed,758516,2826374,Car Loan,835,13,18117.78,Missed,Defaulted
CUST00950,26,Female,Bangalore,Self-Employed,2012375,2519970,Personal Loan,696,12,17499.79,Missed,Defaulted
CUST00818,56,Female,Delhi,,955111,3848196,Business Loan,876,9,35631.44,Good,Rejected
CUST00745,38,Female,Lucknow,Self-Employed,676513,4724110,Home Loan,625,14,28119.7,Delayed,Defaulted
CUST00813,24,Female,Lucknow,Business Owner,995600,3697965,Personal Loan,609,3,102721.25,Excellent,Rejected
CUST01339,28,Female,Chennai,Business Owner,1444992,4872481,Car Loan,528,16,25377.51,Delayed,Rejected
CUST01852,22,Male,Mumbai,,435595,3659134,Business Loan,529,11,27720.71,Good,Defaulted
CUST00322,53,Female,Bangalore,Freelancer,603082,4451913,Personal Loan,785,13,28537.9,Missed,Defaulted
CUST01830,61,Male,Pune,Self-Employed,2049395,4510168,Education Loan,552,3,125282.44,Excellent,Rejected
CUST00651,56,Male,Mumbai,Business Owner,728423,3908884,Personal Loan,791,18,18096.69,Excellent,Rejected
CUST01238,59,Female,Pune,Business Owner,1376503,1395801,Home Loan,481,12,9693.06,Excellent,Defaulted
CUST00026,43,Male,Chennai,Salaried,2189251,2800025,Car Loan,855,4,58333.85,Missed,Defaulted
CUST01434,62,Male,Jaipur,Salaried,1880989,1737023,Car Loan,482,6,24125.32,Missed,Defaulted
CUST00079,62,Female,Lucknow,Salaried,971148,164589,Personal Loan,493,6,2285.96,Excellent,Defaulted
CUST01711,47,Female,Chennai,Salaried,1079459,1008379,Education Loan,427,7,12004.51,Delayed,Defaulted
CUST00033,24,Female,Delhi,Salaried,465798,2173091,Car Loan,350,2,90545.46,Missed,Defaulted
CUST01302,59,Female,Hyderabad,Business Owner,579039,944801,Education Loan,859,7,11247.63,Excellent,Approved
CUST00383,27,Male,Mumbai,Self-Employed,379830,2165226,Car Loan,445,8,22554.44,Missed,Defaulted
CUST01559,50,Male,Bangalore,Salaried,801891,1411212,Home Loan,398,1,117601,Good,Defaulted
CUST00433,54,Male,Pune,Salaried,1849729,4770553,Car Loan,711,4,99386.52,Missed,Defaulted
CUST00164,62,Male,Kolkata,Salaried,236035,538051,Business Loan,667,16,2802.35,Good,Approved
CUST00204,45,Male,Kolkata,Salaried,1920856,76616,Home Loan,327,16,399.04,Missed,Defaulted
CUST01008,45,Male,Bangalore,Business Owner,326060,2581113,Education Loan,405,16,13443.3,Good,Defaulted
CUST01171,52,Female,Hyderabad,Freelancer,871009,1540641,Car Loan,579,19,6757.2,Excellent,Rejected
CUST00369,43,Male,Jaipur,Freelancer,270119,1676528,Personal Loan,765,15,9314.04,Missed,Defaulted
CUST00953,47,Female,Hyderabad,Freelancer,268803,2628682,Education Loan,612,6,36509.47,Delayed,Defaulted
CUST01445,39,Male,Pune,Self-Employed,1001849,4624475,Car Loan,588,12,32114.41,Delayed,Rejected
CUST01354,60,Female,Jaipur,Self-Employed,882405,4714496,Home Loan,678,16,24554.67,Excellent,Rejected
CUST01637,46,Female,Bangalore,Salaried,2021573,3219562,Education Loan,460,10,26829.68,Missed,Defaulted
CUST01111,53,Female,Lucknow,Business Owner,1137635,1241890,Education Loan,473,1,103490.83,Excellent,Defaulted
CUST00317,50,Female,Pune,Self-Employed,1980752,4364366,Business Loan,391,4,90924.29,Good,Defaulted
CUST01281,38,Male,Delhi,Salaried,2178030,3280545,Education Loan,358,3,91126.25,Good,Defaulted
CUST01809,35,Female,Jaipur,Salaried,2222784,2600206,Home Loan,501,9,24075.98,Missed,Defaulted
CUST00219,40,Female,Lucknow,Business Owner,2121277,1601899,Business Loan,732,19,7025.87,Missed,Defaulted
CUST01971,53,Female,Kolkata,Freelancer,2470463,3992518,Personal Loan,475,15,22180.66,Excellent,Defaulted
CUST01854,49,Female,Kolkata,Business Owner,1527042,3390552,Home Loan,714,18,15697,Excellent,Approved
CUST01693,31,Female,Mumbai,Self-Employed,987738,4060442,Business Loan,524,8,42296.27,Missed,Defaulted
CUST01814,62,Male,Chennai,Salaried,1873200,4426751,Car Loan,515,15,24593.06,Good,Rejected
CUST01348,52,Female,Lucknow,Freelancer,552414,2610244,Education Loan,612,16,13595.02,Excellent,Rejected
CUST00060,50,Male,Hyderabad,Self-Employed,2402263,3699279,Car Loan,754,18,17126.29,Good,Approved
CUST01056,61,Male,Kolkata,Freelancer,1090083,781658,Car Loan,472,17,3831.66,Delayed,Defaulted
CUST00434,51,Female,Delhi,Business Owner,1316271,2572919,Home Loan,503,15,14293.99,Excellent,Rejected
CUST00074,37,Female,Chennai,Business Owner,764678,1003122,Business Loan,608,12,6966.12,Good,Rejected
CUST00163,34,Female,Delhi,Business Owner,218073,4689059,Business Loan,664,17,22985.58,Good,Defaulted
CUST01320,27,Male,Jaipur,Business Owner,702367,897405,Personal Loan,817,12,6231.98,Excellent,Approved
CUST01160,56,Male,Ahmedabad,Self-Employed,200159,3606597,Personal Loan,797,8,37568.72,Excellent,Defaulted
CUST01630,45,Female,Chennai,Freelancer,2447805,601238,Car Loan,678,4,12525.79,Missed,Defaulted
CUST01068,61,Female,Jaipur,Salaried,614299,3780370,Car Loan,598,16,19689.43,Missed,Defaulted
CUST01626,36,Female,Pune,Freelancer,534971,664101,Business Loan,737,6,9223.62,Good,Approved
CUST01986,23,Female,Hyderabad,Self-Employed,482140,78885,Car Loan,,7,939.11,Missed,Defaulted
CUST00046,41,Male,Ahmedabad,Self-Employed,1655465,3622401,Business Loan,651,17,17756.87,Missed,Defaulted
CUST00995,48,Male,Mumbai,Freelancer,1572236,721986,Car Loan,581,15,4011.03,Good,Rejected
CUST00362,44,Male,Kolkata,Salaried,913226,817442,Car Loan,582,16,4257.51,Excellent,Rejected
CUST01303,55,Female,Chennai,Self-Employed,728714,1774854,Education Loan,385,15,9860.3,Good,Defaulted
CUST00568,59,Female,Mumbai,Self-Employed,1712760,1625326,Home Loan,390,3,45147.94,Good,Defaulted
CUST00077,47,Female,Hyderabad,Freelancer,405768,4567562,Business Loan,476,11,34602.74,Excellent,Defaulted
CUST01957,45,Male,Lucknow,Self-Employed,1852562,2445406,Education Loan,873,19,10725.46,Excellent,Approved
CUST01443,63,Male,Ahmedabad,Salaried,1836675,300231,Education Loan,534,7,3574.18,Delayed,Rejected
CUST01866,30,Female,Chennai,Salaried,1882678,3589730,Car Loan,899,7,42734.88,Excellent,Approved
CUST01343,30,Male,Kolkata,Salaried,2029989,1644502,Business Loan,513,11,12458.35,Good,Rejected
CUST01629,46,Male,Jaipur,Self-Employed,1335627,1928266,Education Loan,,5,32137.77,Delayed,Rejected
CUST01462,49,Female,Jaipur,Business Owner,915339,1053510,Car Loan,601,10,8779.25,Delayed,Approved
CUST00850,55,Female,Pune,Salaried,1959980,4055194,Education Loan,537,13,25994.83,Good,Rejected
CUST00031,37,Female,Lucknow,Self-Employed,375211,3845830,Home Loan,677,16,20030.36,Excellent,Defaulted
CUST01115,40,Female,Lucknow,Self-Employed,2351341,4233583,Education Loan,822,13,27138.35,Delayed,Rejected
CUST01544,55,Female,Chennai,Salaried,1454352,2217626,Personal Loan,762,5,36960.43,Excellent,Approved
CUST01661,45,Male,Mumbai,Business Owner,828380,2079341,Car Loan,566,17,10192.85,Missed,Defaulted
CUST01311,45,Male,Jaipur,Freelancer,,761716,Car Loan,820,13,4882.79,Good,Approved
CUST00833,46,Male,Mumbai,Freelancer,2046198,994131,Business Loan,833,16,5177.77,Missed,Defaulted
CUST00694,30,Female,Ahmedabad,Freelancer,1261339,3493571,Personal Loan,785,11,26466.45,Good,Approved
CUST00533,26,Female,Kolkata,Freelancer,864917,4231726,Business Loan,850,19,18560.2,Missed,Defaulted
CUST01582,28,Male,Jaipur,Salaried,537369,994461,Business Loan,875,16,5179.48,Missed,Defaulted
CUST01851,33,Male,Ahmedabad,Business Owner,276240,4759751,Personal Loan,685,8,49580.74,Excellent,Defaulted
CUST00382,25,Male,Lucknow,Freelancer,2417181,3905288,Home Loan,313,17,19143.57,Good,Defaulted
CUST01605,53,Female,Mumbai,Freelancer,908175,3433737,Car Loan,817,14,20438.91,Delayed,Rejected
CUST00045,23,Male,Delhi,Business Owner,766956,3050109,Car Loan,317,11,23106.89,Delayed,Defaulted
CUST01731,28,Male,Delhi,Salaried,1338585,1446102,Personal Loan,837,6,20084.75,Good,Approved
CUST00169,48,Male,Mumbai,Business Owner,1783246,1314134,Education Loan,721,3,36503.72,Delayed,Approved
CUST00304,26,Female,Ahmedabad,Business Owner,2273290,1948917,Car Loan,446,12,13534.15,Excellent,Defaulted
CUST00343,54,Female,Chennai,Freelancer,645377,497244,Personal Loan,483,16,2589.81,Missed,Defaulted
CUST00439,57,Male,Jaipur,Self-Employed,716409,2470872,Education Loan,578,8,25738.25,Good,Rejected
CUST01965,36,Male,Delhi,Business Owner,550067,3966247,Car Loan,804,8,41315.07,Good,Defaulted
CUST00765,46,Male,Lucknow,Self-Employed,665982,1840146,Home Loan,630,5,30669.1,Delayed,Rejected
CUST01678,62,Female,Lucknow,Salaried,722154,2240002,Car Loan,539,11,16969.71,Excellent,Rejected
CUST01179,40,Male,Bangalore,Freelancer,1861945,4152748,Car Loan,827,4,86515.58,Good,Approved
CUST01928,47,Female,Bangalore,Salaried,832405,974993,Education Loan,833,16,5078.09,Missed,Defaulted
CUST00421,35,Male,Ahmedabad,Salaried,1829311,3578880,Home Loan,499,9,33137.78,Excellent,Defaulted
CUST00708,24,Female,Delhi,Self-Employed,635071,1236430,Education Loan,801,1,103035.83,Missed,Defaulted
CUST01346,50,Male,Chennai,Self-Employed,1324027,568490,Business Loan,573,13,3644.17,Missed,Defaulted
CUST00789,48,Female,Jaipur,Self-Employed,1057342,1820403,Car Loan,402,15,10113.35,Delayed,Defaulted
CUST00355,57,Female,Ahmedabad,Freelancer,1811935,4681889,Business Loan,803,5,78031.48,,Approved
CUST00354,28,Male,Kolkata,Business Owner,1881076,4734013,Home Loan,510,8,49312.64,Delayed,Rejected
CUST00528,49,Female,Jaipur,Business Owner,,696012,Education Loan,743,10,5800.1,Missed,Defaulted
CUST01342,28,Male,Mumbai,Salaried,2320243,2774274,Personal Loan,346,6,38531.58,Good,Defaulted
CUST00483,47,Female,Pune,Business Owner,490998,1523300,Education Loan,808,19,6681.14,Delayed,Approved
CUST00186,23,Female,Delhi,Self-Employed,1903377,4756797,Car Loan,695,17,23317.63,Good,Rejected
CUST01395,46,Male,Mumbai,Freelancer,2045219,2446640,Business Loan,,17,11993.33,Good,Approved
CUST01455,25,Female,Pune,Self-Employed,,3081830,Business Loan,762,9,28535.46,Missed,Defaulted
CUST01426,25,Female,Mumbai,Self-Employed,,4676510,Car Loan,520,10,38970.92,Delayed,Rejected
CUST01229,42,Female,Delhi,Business Owner,1839778,1559390,Personal Loan,866,19,6839.43,Good,Approved
CUST00301,54,Male,Pune,Self-Employed,1662073,3687967,Car Loan,595,3,102443.53,Delayed,Rejected
CUST00454,48,Female,Ahmedabad,Freelancer,2148183,4424798,Personal Loan,749,11,33521.2,Missed,Defaulted
CUST00734,45,Female,Delhi,Salaried,675595,1177787,Car Loan,582,7,14021.27,Missed,Defaulted
CUST01782,53,Female,Kolkata,Business Owner,2127716,3828271,Car Loan,365,13,24540.2,Excellent,Defaulted
CUST01789,55,Male,Kolkata,Business Owner,1646250,978864,Home Loan,440,19,4293.26,Good,Defaulted
CUST01911,38,Female,Delhi,,2458233,4280013,Business Loan,486,12,29722.31,Missed,Defaulted
CUST01973,59,Male,Hyderabad,Self-Employed,2049691,4228465,Home Loan,869,9,39152.45,Missed,Defaulted
CUST01393,31,Male,Lucknow,Freelancer,1126215,4053314,Personal Loan,770,12,28148.01,Good,Rejected
CUST01233,59,Male,Kolkata,Freelancer,1538084,1854053,Car Loan,762,3,51501.47,Excellent,Approved
CUST00176,53,Male,Lucknow,Self-Employed,287468,3169734,Home Loan,400,10,26414.45,,Defaulted
CUST00964,53,Female,Lucknow,Freelancer,2016030,328104,Education Loan,399,16,1708.88,Missed,Defaulted
CUST01028,61,Male,Pune,Freelancer,802276,1591037,Car Loan,378,4,33146.6,Missed,Defaulted
CUST01642,48,Female,Hyderabad,Freelancer,354692,864661,Business Loan,617,15,4803.67,Excellent,Rejected
CUST00124,60,Female,Ahmedabad,Business Owner,2339980,468829,Education Loan,629,16,2441.82,Good,Rejected
CUST00384,53,Female,Lucknow,Business Owner,1756518,1390683,Education Loan,356,4,28972.56,Excellent,Defaulted
CUST01597,56,Male,Pune,Freelancer,676128,1412516,Education Loan,631,4,29427.42,Missed,Defaulted
CUST00585,40,Female,Chennai,Salaried,878841,1628232,Business Loan,890,18,7538.11,Missed,Defaulted
CUST00040,25,Male,Pune,Salaried,1610822,2082709,Car Loan,369,16,10847.44,Good,Defaulted
CUST00487,25,Female,Hyderabad,Salaried,1609854,4825275,Home Loan,568,13,30931.25,Missed,Defaulted
CUST00515,38,Male,Hyderabad,,787100,1325393,Education Loan,540,7,15778.49,Good,Rejected
CUST00332,45,Male,Hyderabad,Self-Employed,1909375,163936,Education Loan,686,19,719.02,Delayed,Approved
CUST00428,47,Female,Delhi,Salaried,1633441,470539,Education Loan,457,18,2178.42,Missed,Defaulted
CUST00195,23,Female,Lucknow,Business Owner,1191469,2347905,Car Loan,809,14,13975.62,Missed,Defaulted
CUST00545,52,Male,Jaipur,Self-Employed,1674764,1697824,Education Loan,558,4,35371.33,Good,Rejected
CUST00592,29,Male,Jaipur,Business Owner,1856321,4268346,Personal Loan,462,16,22230.97,Delayed,Defaulted
CUST01748,34,Female,Mumbai,Salaried,2302191,1811169,Home Loan,780,5,30186.15,Missed,Defaulted
CUST00323,44,Male,Hyderabad,Salaried,401139,2062755,Car Loan,324,8,21487.03,Excellent,Defaulted
CUST01222,50,Female,Ahmedabad,Freelancer,2101860,3993439,Business Loan,433,8,41598.32,Excellent,Defaulted
CUST00267,46,Female,Delhi,Business Owner,1926676,901161,Personal Loan,767,19,3952.46,Delayed,Approved
CUST01356,35,Male,Jaipur,Business Owner,1686561,3912163,Home Loan,765,17,19177.27,Delayed,Rejected
CUST01481,26,Female,Mumbai,Salaried,1489709,4557863,Car Loan,412,11,34529.27,Missed,Defaulted
CUST00068,36,Female,Chennai,Salaried,2314785,154927,Business Loan,895,5,2582.12,Good,Approved
CUST00988,60,Female,Pune,Business Owner,1401700,1014795,Personal Loan,528,3,28188.75,Delayed,Rejected
CUST01839,37,Male,Kolkata,Salaried,1672608,3810713,Car Loan,850,12,26463.28,Missed,Defaulted
CUST01991,46,Female,Chennai,Salaried,308944,3179985,Business Loan,461,9,29444.31,Excellent,Defaulted
CUST01788,36,Male,Lucknow,Freelancer,1765116,3331121,Personal Loan,390,16,17349.59,Missed,Defaulted
CUST01613,38,Female,Delhi,Self-Employed,227798,4451744,Personal Loan,548,16,23186.17,Excellent,Defaulted
CUST00671,54,Female,Bangalore,Self-Employed,233691,1609657,Business Loan,554,17,7890.48,Good,Defaulted
CUST01754,53,Female,Delhi,Salaried,,2230139,Personal Loan,774,16,11615.31,Missed,Defaulted
CUST00479,29,Female,Kolkata,Business Owner,2450041,4834377,Car Loan,513,5,80572.95,Excellent,Rejected
CUST01767,50,Female,Bangalore,Salaried,636542,4777589,Business Loan,460,5,79626.48,Delayed,Defaulted
CUST01570,38,Male,Lucknow,Self-Employed,790504,4465239,Education Loan,691,4,93025.81,Excellent,Rejected
CUST00472,33,Male,Hyderabad,Business Owner,1357655,3273253,Home Loan,717,15,18184.74,Missed,Defaulted
CUST01666,29,Female,Mumbai,Business Owner,2145049,1819617,Personal Loan,503,1,151634.75,Excellent,Rejected
CUST00721,32,Female,Chennai,Salaried,238547,4372751,Education Loan,672,16,22774.74,Delayed,Defaulted
CUST01299,24,Female,Hyderabad,Freelancer,1698339,4120101,Home Loan,470,9,38149.08,Missed,Defaulted
CUST01306,58,Female,Mumbai,Salaried,473452,1058314,Home Loan,779,11,8017.53,Missed,Defaulted
CUST01849,29,Female,Pune,Freelancer,1996725,3874977,Home Loan,586,18,17939.71,Excellent,Rejected
CUST01703,54,Female,Delhi,Freelancer,2109824,863526,Home Loan,894,10,7196.05,Good,Approved
CUST01562,41,Female,Chennai,Self-Employed,2382926,2519491,Car Loan,779,2,104978.79,Delayed,Rejected
CUST01611,48,Male,Bangalore,Salaried,1134339,1205933,Car Loan,529,19,5289.18,Excellent,Rejected
CUST01692,54,Female,Chennai,Business Owner,1114565,3936613,Car Loan,626,16,20503.19,Good,Approved
CUST00480,50,Male,Lucknow,Salaried,2472158,1642173,Personal Loan,373,2,68423.88,Missed,Defaulted
CUST00863,45,Female,Ahmedabad,Business Owner,967524,4358760,Business Loan,690,2,181615,Good,Rejected
CUST01245,52,Female,Lucknow,Salaried,1072328,4274367,Education Loan,795,15,23746.48,Missed,Defaulted
CUST01532,34,Female,Mumbai,Self-Employed,2276198,3871301,Education Loan,632,3,107536.14,Good,Approved
CUST01263,42,Female,Lucknow,Self-Employed,1305710,1538543,Personal Loan,732,18,7122.88,Delayed,Approved
CUST01848,41,Male,Ahmedabad,Salaried,,4056622,Education Loan,427,10,33805.18,Delayed,Defaulted
CUST00262,57,Male,Jaipur,Salaried,1879161,1185270,Business Loan,344,14,7055.18,Excellent,Defaulted
CUST01118,50,Female,Chennai,Freelancer,,4580734,Home Loan,429,1,381727.83,,Defaulted
CUST01005,34,Female,Delhi,Freelancer,,4058146,Education Loan,668,11,30743.53,Excellent,Rejected
CUST00241,28,Male,Hyderabad,Self-Employed,1744613,4137138,Car Loan,719,8,43095.19,Missed,Defaulted
CUST01059,32,Female,Mumbai,Business Owner,541207,3825702,Education Loan,705,13,24523.73,Missed,Defaulted
CUST00869,57,Female,Jaipur,Salaried,1842892,4278456,Education Loan,405,18,19807.67,Excellent,Defaulted
CUST01575,39,Male,Mumbai,,594754,542503,Business Loan,537,19,2379.4,Good,Rejected
CUST01620,27,Female,Ahmedabad,Freelancer,605105,3262713,Education Loan,693,4,67973.19,Good,Rejected
CUST01318,58,Female,Jaipur,Salaried,342980,2555365,Education Loan,394,12,17745.59,Good,Defaulted
CUST00571,22,Male,Pune,Freelancer,2063236,3976690,Business Loan,513,2,165695.42,Good,Rejected
CUST00366,23,Male,Ahmedabad,Freelancer,226806,544955,Car Loan,318,14,3243.78,Good,Defaulted
CUST01679,29,Male,Mumbai,Business Owner,1211930,3043349,Car Loan,594,19,13348.02,Excellent,Rejected
CUST01266,32,Male,Bangalore,Self-Employed,1006564,3202963,Home Loan,898,7,38130.51,Excellent,Approved
CUST00719,35,Male,Lucknow,Freelancer,,3030342,Home Loan,458,11,22957.14,Excellent,Defaulted
CUST01961,36,Male,Bangalore,Business Owner,2062205,2598600,Car Loan,538,1,216550,Good,Rejected
CUST00951,40,Female,Chennai,Salaried,2473958,1346573,Home Loan,814,11,10201.31,Excellent,Approved
CUST01224,44,Male,Mumbai,Salaried,1556688,4690239,Home Loan,703,14,27918.09,Good,Rejected
CUST00072,61,Female,Mumbai,Freelancer,1063663,3699886,Home Loan,883,3,102774.61,Good,Approved
CUST00922,32,Female,Hyderabad,Business Owner,408944,2089660,Business Loan,685,9,19348.7,Missed,Defaulted
CUST00260,32,Male,Ahmedabad,Freelancer,2451401,219934,Business Loan,702,15,1221.86,Excellent,Rejected
CUST00052,38,Female,Jaipur,Salaried,761672,3798294,Personal Loan,843,10,31652.45,Delayed,Rejected
CUST00199,53,Female,Hyderabad,Business Owner,223429,4159070,Personal Loan,724,12,28882.43,Excellent,Defaulted
CUST01646,45,Male,Hyderabad,Freelancer,2153256,4757926,Business Loan,511,8,49561.73,Good,Rejected
CUST01191,24,Female,Pune,Freelancer,2481608,2845126,Home Loan,457,16,14818.36,Missed,Defaulted
CUST00333,53,Female,Ahmedabad,Salaried,2213321,4260583,Personal Loan,725,9,39449.84,Delayed,Rejected
CUST01387,53,Female,Mumbai,Business Owner,1445803,4109626,Personal Loan,496,9,38052.09,Missed,Defaulted
CUST00615,35,Female,Hyderabad,Freelancer,2291635,643731,Education Loan,859,13,4126.48,Missed,Defaulted
CUST01764,49,Female,Delhi,Salaried,2226110,4455113,Education Loan,417,10,37125.94,Excellent,Defaulted
CUST00999,23,Male,Mumbai,Business Owner,367647,4563962,Business Loan,711,16,23770.64,Excellent,Defaulted
CUST01183,39,Male,Chennai,Self-Employed,,3895204,Business Loan,378,9,36066.7,Good,Defaulted
CUST01340,35,Female,Chennai,Self-Employed,2199920,3461031,Personal Loan,579,4,72104.81,Good,Rejected
CUST00933,55,Male,Mumbai,Business Owner,2097501,4316988,Personal Loan,744,4,89937.25,Excellent,Approved
CUST01668,39,Female,Jaipur,Salaried,1656048,2898039,Business Loan,851,18,13416.85,Excellent,Approved
CUST00949,58,Male,Kolkata,Business Owner,1901243,4892256,Personal Loan,866,1,407688,Missed,Defaulted
CUST00427,37,Male,Pune,Self-Employed,1343657,276256,Education Loan,697,3,7673.78,Good,Approved
CUST01680,32,Male,Delhi,Business Owner,1867740,1292522,Business Loan,811,10,10771.02,Excellent,Approved
CUST00680,26,Male,Chennai,Freelancer,1510077,457407,Personal Loan,558,14,2722.66,Excellent,Rejected
CUST00612,41,Female,Ahmedabad,Self-Employed,1778638,734494,Home Loan,864,10,6120.78,Good,Approved
CUST01019,57,Female,Lucknow,Self-Employed,1392931,3759362,Home Loan,577,3,104426.72,Good,Rejected
CUST01231,57,Female,Pune,Salaried,2244940,4762037,Home Loan,497,4,99209.1,Delayed,Defaulted
CUST00655,46,Male,Delhi,Business Owner,975158,875963,Education Loan,487,4,18249.23,Missed,Defaulted
CUST00556,38,Female,Hyderabad,Business Owner,2000830,2655221,Personal Loan,365,9,24585.38,Excellent,Defaulted
CUST01610,32,Female,Lucknow,Salaried,1894814,2378033,Education Loan,525,9,22018.82,Excellent,Rejected
CUST00399,44,Female,Ahmedabad,Salaried,1080412,267314,Education Loan,620,15,1485.08,Missed,Defaulted
CUST00591,49,Male,Lucknow,Business Owner,1637188,628110,Education Loan,,15,3489.5,Delayed,Rejected
CUST00463,33,Female,Lucknow,Freelancer,1282424,689104,Business Loan,778,2,28712.67,Excellent,Approved
CUST00437,31,Female,Jaipur,Freelancer,1881641,3899091,Business Loan,449,10,32492.42,Delayed,Defaulted
CUST00193,22,Female,Mumbai,Business Owner,2459776,1517130,Personal Loan,872,3,42142.5,Delayed,Approved
CUST01464,30,Female,Pune,Business Owner,1315244,1121192,Home Loan,307,3,31144.22,Excellent,Defaulted
CUST00638,49,Male,Chennai,Salaried,519972,825292,Home Loan,410,3,22924.78,Good,Defaulted
CUST00293,59,Female,Delhi,,1301928,4686440,Business Loan,329,15,26035.78,Delayed,Defaulted
CUST00757,37,Male,Lucknow,Salaried,1170834,1978854,Business Loan,511,17,9700.26,Missed,Defaulted
CUST01456,35,Male,Ahmedabad,Self-Employed,1406184,4434575,Personal Loan,736,10,36954.79,Delayed,Approved
CUST00890,25,Female,Hyderabad,Freelancer,1187073,2265995,Car Loan,530,13,14525.61,Excellent,Rejected
CUST01135,60,Male,Lucknow,Business Owner,840473,1849971,Education Loan,812,14,11011.73,Missed,Defaulted
CUST01418,27,Female,Delhi,Salaried,1685255,2481129,Personal Loan,512,9,22973.42,Missed,Defaulted
CUST00142,50,Male,Delhi,Salaried,2315904,1857402,Car Loan,518,2,77391.75,Excellent,Rejected
CUST00747,45,Female,Chennai,Freelancer,,1508316,Education Loan,877,11,11426.64,Missed,Defaulted
CUST00003,36,Female,Ahmedabad,Business Owner,2113722,745532,Car Loan,819,4,15531.92,Good,Approved
CUST00986,54,Female,Mumbai,Business Owner,908521,3427180,Car Loan,466,19,15031.49,Excellent,Defaulted
CUST00577,57,Female,Lucknow,Business Owner,1910524,1433640,Home Loan,588,5,23894,Good,Rejected
CUST01910,39,Male,Lucknow,Self-Employed,1122630,993831,Car Loan,437,17,4871.72,Excellent,Defaulted
CUST01694,61,Male,Hyderabad,Freelancer,1252425,4354083,Education Loan,310,13,27910.79,Excellent,Defaulted
CUST00340,47,Male,Pune,Self-Employed,1309639,3032202,Education Loan,354,12,21056.96,Good,Defaulted
CUST01321,29,Male,Ahmedabad,Freelancer,457354,2341947,Personal Loan,513,10,19516.22,Excellent,Rejected
CUST00409,37,Male,Delhi,Business Owner,1619541,3338210,Business Loan,829,15,18545.61,,Approved
CUST00837,62,Male,Jaipur,Self-Employed,1552790,4672942,Car Loan,858,17,22906.58,Excellent,Rejected
CUST00266,56,Female,Mumbai,Freelancer,1309004,1654243,Personal Loan,719,11,12532.14,Excellent,Approved
CUST00377,58,Female,Delhi,Business Owner,1085421,348783,Personal Loan,503,8,3633.16,Missed,Defaulted
CUST00713,51,Female,Bangalore,Salaried,358588,2709786,Education Loan,641,2,112907.75,Excellent,Defaulted
CUST00495,58,Male,Hyderabad,Self-Employed,511955,3060087,Car Loan,624,18,14167.07,Delayed,Rejected
CUST00440,55,Female,Bangalore,Salaried,866165,2977503,Education Loan,703,12,20677.1,Delayed,Rejected
CUST00272,39,Female,Lucknow,Self-Employed,1552144,3309819,Home Loan,727,9,30646.47,Good,Rejected
CUST00185,38,Female,Mumbai,Freelancer,2222234,4856546,Home Loan,821,4,101178.04,Delayed,Approved
CUST00974,35,Male,Jaipur,Freelancer,1778608,2505257,Business Loan,414,18,11598.41,Missed,Defaulted
CUST00245,22,Female,Kolkata,Self-Employed,1430844,1085408,Education Loan,802,14,6460.76,Missed,Defaulted
CUST00809,23,Female,Delhi,Self-Employed,2120444,650198,Business Loan,487,14,3870.23,Delayed,Defaulted
CUST01044,33,Female,Bangalore,Business Owner,731972,1841396,Personal Loan,432,2,76724.83,Excellent,Defaulted
CUST00536,46,Male,Bangalore,,219675,182659,Business Loan,567,19,801.14,Delayed,Rejected
CUST00446,26,Male,Kolkata,Business Owner,2135090,1154381,Education Loan,,11,8745.31,Good,Defaulted
CUST00618,22,Male,Ahmedabad,Salaried,1698492,4340447,Personal Loan,875,15,24113.59,Good,Approved
CUST01133,29,Female,Mumbai,Self-Employed,437199,1742737,Education Loan,753,13,11171.39,Good,Rejected
CUST01129,51,Male,Chennai,Freelancer,696762,1397203,Education Loan,337,15,7762.24,Missed,Defaulted
CUST00527,28,Male,Kolkata,Salaried,2304683,3553548,Car Loan,526,7,42304.14,Good,Rejected
CUST00945,35,Male,Delhi,Self-Employed,537913,4478622,Education Loan,461,14,26658.46,,Defaulted
CUST00611,40,Female,Kolkata,Freelancer,1065139,3295988,Car Loan,770,16,17166.6,Excellent,Approved
CUST00705,60,Male,Kolkata,Freelancer,1975922,2308233,Business Loan,548,19,10123.83,Excellent,Rejected
CUST00416,47,Female,Hyderabad,Business Owner,1955548,434370,Education Loan,807,14,2585.54,Excellent,Approved
CUST00274,56,Male,Kolkata,Self-Employed,1171248,374934,Business Loan,879,5,6248.9,Excellent,Approved
CUST00756,44,Female,Ahmedabad,Business Owner,2351061,983476,Personal Loan,667,19,4313.49,Good,Approved
CUST01517,26,Female,Pune,Freelancer,408859,4396421,Education Loan,869,3,122122.81,Good,Defaulted
CUST01484,27,Female,Bangalore,Self-Employed,1723982,634718,Education Loan,496,13,4068.71,Excellent,Defaulted
CUST00251,62,Male,Hyderabad,Freelancer,1127460,2923524,Car Loan,545,1,243627,Delayed,Rejected
CUST00414,24,Male,Bangalore,Freelancer,2184117,2091381,Home Loan,461,8,21785.22,Delayed,Defaulted
CUST01334,38,Female,Bangalore,Freelancer,934275,181562,Home Loan,625,17,890.01,Delayed,Rejected
CUST00311,50,Male,Hyderabad,Freelancer,754399,3731890,Home Loan,565,16,19436.93,Missed,Defaulted
CUST01832,57,Female,Pune,Freelancer,967286,1245344,Personal Loan,405,7,14825.52,Good,Defaulted
CUST00580,40,Female,Kolkata,Business Owner,329350,4613653,Personal Loan,,15,25631.41,Excellent,Defaulted
CUST00426,33,Male,Ahmedabad,Self-Employed,746015,1679753,Home Loan,688,5,27995.88,Excellent,Approved
CUST01915,33,Female,Jaipur,Business Owner,236413,4473471,Business Loan,725,14,26627.8,,Defaulted
CUST01625,59,Female,Chennai,Freelancer,1023759,605839,Education Loan,520,2,25243.29,Missed,Defaulted
CUST00778,43,Female,Mumbai,Self-Employed,295028,1134309,Car Loan,542,11,8593.25,Good,Rejected
CUST01802,47,Male,Pune,Self-Employed,1870357,3792918,Home Loan,776,5,63215.3,Good,Approved
CUST01101,28,Female,Chennai,Freelancer,1765213,4245843,Business Loan,601,17,20812.96,Delayed,Approved
CUST01051,49,Female,Lucknow,Business Owner,1089497,4151599,Education Loan,823,18,19220.37,Good,Rejected
CUST01543,52,Male,Pune,Self-Employed,278077,1079242,Personal Loan,522,4,22484.21,Missed,Defaulted
CUST00584,47,Male,Chennai,Self-Employed,2395004,387283,Personal Loan,778,11,2933.96,Excellent,Approved
CUST01084,48,Male,Lucknow,Business Owner,1153692,4563257,Business Loan,898,1,380271.42,Excellent,Approved
CUST00183,24,Male,Ahmedabad,Business Owner,,4280207,Car Loan,481,12,29723.66,Good,Defaulted
CUST00171,58,Male,Bangalore,Self-Employed,1994291,4765700,Business Loan,844,15,26476.11,Good,Approved
CUST00583,31,Female,Bangalore,Salaried,406487,1973217,Education Loan,777,1,164434.75,Missed,Defaulted
CUST01394,51,Female,Kolkata,Self-Employed,1649991,4764386,Personal Loan,754,19,20896.43,Excellent,Approved
CUST01917,29,Male,Ahmedabad,Salaried,764430,4549367,Education Loan,325,13,29162.61,Good,Defaulted
CUST01684,38,Female,Kolkata,Business Owner,2282963,1347776,Car Loan,348,17,6606.75,Excellent,Defaulted
CUST00882,23,Female,Mumbai,Salaried,2275915,2168219,Business Loan,,2,90342.46,Delayed,Defaulted
CUST00807,35,Female,Mumbai,Business Owner,1321268,1743481,Education Loan,632,4,36322.52,Good,Approved
CUST00273,23,Male,Pune,Freelancer,1751330,1509410,Business Loan,416,2,62892.08,Missed,Defaulted
CUST01581,33,Female,Chennai,Business Owner,2178192,3546716,Business Loan,680,13,22735.36,Good,Approved
CUST00716,36,Female,Chennai,Business Owner,1510875,4185316,Home Loan,392,6,58129.39,Missed,Defaulted
CUST01519,52,Female,Pune,Business Owner,1400114,972426,Home Loan,491,15,5402.37,Good,Defaulted
CUST00372,43,Male,Jaipur,Self-Employed,1719603,1358014,Personal Loan,850,16,7072.99,Good,Approved
CUST00223,41,Female,Mumbai,Self-Employed,1173181,3330931,Education Loan,860,13,21352.12,Excellent,Approved
CUST00746,41,Female,Jaipur,Salaried,1906533,1510235,Business Loan,864,16,7865.81,Missed,Defaulted
CUST00582,48,Male,Lucknow,Freelancer,988768,472641,Personal Loan,672,4,9846.69,Missed,Defaulted
CUST01104,62,Male,Pune,Business Owner,602980,362579,Personal Loan,368,1,30214.92,Excellent,Defaulted
CUST00519,34,Male,Ahmedabad,Self-Employed,2447939,842330,Business Loan,365,5,14038.83,Excellent,Defaulted
CUST00335,44,Male,Chennai,Freelancer,803103,3562305,Home Loan,526,4,74214.69,Excellent,Rejected
CUST01925,35,Female,Jaipur,Self-Employed,973952,2807506,Car Loan,607,4,58489.71,Excellent,Approved
CUST01335,44,Male,Delhi,Freelancer,2220334,1102305,Home Loan,670,2,45929.38,Delayed,Approved
CUST01158,29,Female,Bangalore,Salaried,2290547,266486,Personal Loan,555,4,5551.79,Good,Rejected
CUST01955,32,Male,Chennai,Freelancer,2199482,2880527,Home Loan,491,4,60010.98,Excellent,Defaulted
CUST00016,24,Male,Kolkata,Self-Employed,2434236,257352,Business Loan,605,5,4289.2,Delayed,Approved
CUST00702,49,Male,Pune,Business Owner,1790963,1493401,Personal Loan,601,16,7778.13,Good,Rejected
CUST01860,49,Female,Delhi,Salaried,1271775,1491945,Education Loan,721,1,124328.75,Delayed,Rejected
CUST01872,56,Male,Ahmedabad,Business Owner,2362077,481978,Business Loan,364,9,4462.76,Delayed,Defaulted
CUST01720,27,Female,Bangalore,Freelancer,475049,3663163,Education Loan,315,12,25438.63,Good,Defaulted
CUST01681,43,Female,Mumbai,Self-Employed,1279525,2618101,Car Loan,695,12,18181.26,Delayed,Rejected
CUST00937,22,Female,Pune,Salaried,873218,2922875,Business Loan,346,4,60893.23,Excellent,Defaulted
CUST00466,54,Female,Bangalore,Business Owner,1226630,3347154,Business Loan,418,6,46488.25,Good,Defaulted
CUST01823,46,Male,Bangalore,Freelancer,1216003,4784071,Education Loan,733,19,20982.77,Good,Approved
CUST00200,25,Male,Bangalore,Business Owner,1450956,3448116,Home Loan,554,8,35917.88,Good,Rejected
CUST01232,62,Female,Bangalore,Self-Employed,2299409,365617,Car Loan,525,10,3046.81,Missed,Defaulted
CUST01079,32,Female,Kolkata,Freelancer,1008258,1818693,Education Loan,603,8,18944.72,,Approved
CUST01351,56,Female,Delhi,Business Owner,,1953124,Home Loan,769,18,9042.24,Excellent,Rejected
CUST01327,47,Male,Kolkata,Freelancer,1674585,3838264,Car Loan,706,18,17769.74,Excellent,Rejected
CUST01667,42,Female,Lucknow,Business Owner,852755,2488761,Business Loan,512,4,51849.19,Delayed,Rejected
CUST01353,63,Male,Kolkata,,2286453,3197887,Car Loan,341,5,53298.12,Delayed,Defaulted
CUST01429,50,Female,Delhi,Self-Employed,2495936,478556,Personal Loan,557,4,9969.92,Missed,Defaulted
CUST01442,41,Female,Mumbai,Business Owner,973210,2074611,Personal Loan,556,4,43221.06,Good,Rejected
CUST01360,55,Female,Ahmedabad,Business Owner,,204536,Car Loan,608,3,5681.56,Good,Rejected
CUST00693,35,Female,Bangalore,Salaried,733634,2523006,Personal Loan,498,6,35041.75,Delayed,Defaulted
CUST00589,49,Female,Jaipur,Salaried,1226657,4878022,Business Loan,524,17,23911.87,Delayed,Rejected
CUST00044,47,Male,Chennai,Salaried,2106039,4918923,Business Loan,742,13,31531.56,Delayed,Rejected
CUST00275,37,Female,Mumbai,Self-Employed,663547,1852466,Education Loan,806,8,19296.52,Missed,Defaulted
CUST01122,61,Male,Bangalore,Self-Employed,1290445,4855028,Car Loan,832,5,80917.13,Delayed,Rejected
CUST00102,30,Female,Ahmedabad,Salaried,2180290,3862010,Personal Loan,558,11,29257.65,Excellent,Rejected
CUST01006,52,Male,Ahmedabad,Salaried,986261,2411331,Car Loan,857,16,12559.02,Delayed,Approved
CUST01310,37,Male,Pune,Business Owner,949468,4446208,Personal Loan,559,16,23157.33,Excellent,Rejected
CUST01211,35,Female,Kolkata,Freelancer,867540,1565554,Personal Loan,521,14,9318.77,Delayed,Rejected
CUST00108,45,Male,Delhi,Freelancer,2369392,4882303,Personal Loan,893,14,29061.33,Missed,Defaulted
CUST01805,51,Female,Lucknow,Salaried,1715331,594344,Personal Loan,640,3,16509.56,Delayed,Approved
CUST00498,56,Male,Pune,Self-Employed,939290,2725032,Home Loan,785,10,22708.6,Good,Approved
CUST00232,22,Male,Bangalore,Freelancer,2175154,4030053,Personal Loan,679,1,335837.75,Delayed,Approved
CUST00915,23,Female,Chennai,Salaried,424605,1229580,Education Loan,878,15,6831,Missed,Defaulted
CUST00782,26,Female,Hyderabad,Business Owner,953704,3719021,Car Loan,879,10,30991.84,Good,Rejected
CUST00728,51,Male,Pune,Business Owner,827220,1464474,Personal Loan,840,13,9387.65,Missed,Defaulted
CUST01132,22,Female,Ahmedabad,Self-Employed,387771,1237018,Education Loan,325,9,11453.87,Delayed,Defaulted
CUST01324,46,Male,Ahmedabad,Salaried,377241,2018921,Education Loan,311,4,42060.85,Missed,Defaulted
CUST01778,25,Male,Bangalore,Freelancer,1256600,1101690,Business Loan,686,10,9180.75,Good,Approved
CUST00839,57,Female,Hyderabad,Business Owner,2454736,242458,Car Loan,584,19,1063.41,Delayed,Rejected
CUST00073,42,Female,Lucknow,Business Owner,1788878,4496460,Personal Loan,841,9,41633.89,Good,Approved
CUST00820,46,Female,Bangalore,Freelancer,310155,1120913,Home Loan,606,6,15568.24,Good,Rejected
CUST01240,44,Male,Lucknow,Salaried,1669539,1632701,Personal Loan,614,16,8503.65,Delayed,Approved
CUST01193,33,Male,Bangalore,Freelancer,2433795,2777364,Home Loan,739,16,14465.44,Delayed,Approved
CUST00655,46,Male,Delhi,Business Owner,975158,875963,Education Loan,487,4,18249.23,Missed,Defaulted
CUST00482,31,Male,Pune,Self-Employed,1516189,1124477,Business Loan,878,18,5205.91,Good,Approved
CUST01092,27,Male,Lucknow,Self-Employed,1307229,3279112,Car Loan,655,4,68314.83,Excellent,Rejected
CUST00507,58,Female,Kolkata,Salaried,443306,2994236,Business Loan,355,2,124759.83,Good,Defaulted
CUST01602,50,Male,Bangalore,Self-Employed,1053823,4349376,Education Loan,402,11,32949.82,Excellent,Defaulted
CUST01483,39,Female,Ahmedabad,Freelancer,1574073,4738195,Education Loan,704,16,24678.1,Missed,Defaulted
CUST00276,62,Male,Hyderabad,Salaried,1384446,3871615,Education Loan,845,16,20164.66,Delayed,Approved
CUST00766,24,Male,Kolkata,Business Owner,473146,119518,Personal Loan,515,11,905.44,Good,Rejected
CUST01587,36,Female,Kolkata,Salaried,,3461647,Car Loan,827,1,288470.58,Excellent,Approved
CUST01011,29,Male,Mumbai,Freelancer,330544,4398530,Home Loan,371,17,21561.42,Missed,Defaulted
CUST00312,27,Female,Mumbai,Freelancer,2361088,922834,Business Loan,394,9,8544.76,Excellent,Defaulted
CUST00858,25,Female,Mumbai,Freelancer,2100341,3880415,Home Loan,528,17,19021.64,Delayed,Rejected
CUST00406,46,Female,Pune,Freelancer,684814,1664694,Home Loan,402,10,13872.45,Delayed,Defaulted
CUST00753,64,Female,Kolkata,Business Owner,339544,3103380,Personal Loan,703,14,18472.5,Missed,Defaulted
CUST01207,44,Female,Kolkata,Freelancer,485622,3766434,Home Loan,,10,31386.95,Delayed,Defaulted
CUST00310,51,Female,Bangalore,Self-Employed,1165188,3680623,Personal Loan,677,2,153359.29,Missed,Defaulted
CUST00227,54,Female,Chennai,Business Owner,2261774,3693327,Education Loan,538,9,34197.47,Delayed,Rejected
CUST01733,41,Male,Ahmedabad,Business Owner,244816,2014724,Education Loan,625,7,23984.81,Good,Defaulted
CUST01815,35,Female,Ahmedabad,Freelancer,628745,2495738,Education Loan,854,5,41595.63,Excellent,Approved
CUST01560,43,Male,Pune,Salaried,1521448,1653344,Personal Loan,346,2,68889.33,Delayed,Defaulted
CUST00856,27,Female,Chennai,Business Owner,1542057,2493445,Car Loan,510,18,11543.73,Delayed,Rejected
CUST01048,58,Female,Bangalore,Salaried,790381,3925416,Car Loan,390,17,19242.24,Delayed,Defaulted
CUST00149,23,Male,Hyderabad,Business Owner,2039903,1597419,Car Loan,635,5,26623.65,Excellent,Approved
CUST01798,42,Female,Ahmedabad,Freelancer,1878997,2649098,Education Loan,859,12,18396.51,Excellent,Approved
CUST01081,23,Female,Bangalore,Business Owner,2418820,3912949,Car Loan,622,18,18115.5,Excellent,Rejected
CUST00862,52,Male,Mumbai,Business Owner,1385111,3560043,Personal Loan,840,1,296670.25,Excellent,Approved
CUST00846,62,Female,Mumbai,Business Owner,2130082,4152553,Personal Loan,860,16,21627.88,Missed,Defaulted
CUST01390,50,Female,Kolkata,,950186,115756,Home Loan,894,6,1607.72,Delayed,Approved
CUST00576,25,Female,Chennai,Self-Employed,753343,3654886,Business Loan,351,18,16920.77,Good,Defaulted
CUST00558,28,Male,Pune,Business Owner,1656081,3413244,Car Loan,746,4,71109.25,Delayed,Approved
CUST00722,60,Female,Delhi,Self-Employed,2483520,2608845,Education Loan,,2,108701.88,Excellent,Rejected
CUST01913,29,Male,Ahmedabad,Salaried,1601652,1780841,Personal Loan,853,12,12366.95,Delayed,Approved
CUST01988,49,Male,Bangalore,Salaried,1415358,2862753,Car Loan,867,17,14033.1,Delayed,Approved
CUST01732,32,Male,Lucknow,Salaried,923858,54011,Business Loan,882,15,300.06,Delayed,Approved
CUST01980,23,Female,Bangalore,Business Owner,1349734,4232531,Personal Loan,,8,44088.86,Delayed,Rejected
CUST00994,58,Female,Jaipur,Freelancer,1536092,3847267,Home Loan,405,1,320605.58,Good,Defaulted
CUST00287,38,Male,Bangalore,Salaried,797218,1222304,Car Loan,427,9,11317.63,Delayed,Defaulted
CUST01636,29,Female,Hyderabad,Business Owner,1053392,2945107,Education Loan,403,19,12917.14,Missed,Defaulted
CUST01722,60,Female,Jaipur,Freelancer,2108911,1885068,Car Loan,888,2,78544.5,Missed,Defaulted
CUST00629,33,Male,Mumbai,Business Owner,2476787,4420602,Personal Loan,741,15,24558.9,Excellent,Rejected
CUST00599,46,Female,Jaipur,Salaried,1317862,985783,Personal Loan,600,6,13691.43,Delayed,Rejected
CUST00966,54,Male,Bangalore,Salaried,1427146,4094630,Personal Loan,855,9,37913.24,Good,Approved
CUST01594,50,Male,Lucknow,Freelancer,678108,197032,Car Loan,849,7,2345.62,Good,Approved
CUST01669,51,Male,Bangalore,Freelancer,943088,687509,Business Loan,622,8,7161.55,Good,Approved
CUST01619,41,Female,Kolkata,Freelancer,2162434,3169812,Business Loan,714,13,20319.31,Delayed,Rejected
CUST01076,56,Male,Lucknow,Freelancer,2399391,2436537,Home Loan,494,13,15618.83,Good,Defaulted
CUST01256,49,Male,Hyderabad,Self-Employed,1489467,2567649,Business Loan,526,1,213970.75,Excellent,Rejected
CUST00835,31,Female,Kolkata,Freelancer,1946688,750270,Education Loan,320,13,4809.42,Good,Defaulted
CUST00938,61,Male,Ahmedabad,Salaried,803291,1880288,Home Loan,429,8,19586.33,Good,Defaulted
CUST00783,62,Male,Jaipur,Self-Employed,1451011,551793,Education Loan,598,8,5747.84,Missed,Defaulted
CUST01230,63,Female,Delhi,Freelancer,1371682,2057878,Home Loan,400,1,171489.83,Missed,Defaulted
CUST01853,41,Female,Delhi,Salaried,1771286,203706,Personal Loan,570,17,998.56,Delayed,Rejected
CUST00610,56,Female,Chennai,Business Owner,788158,2942927,Home Loan,752,10,24524.39,Good,Rejected
CUST01432,55,Female,Kolkata,Freelancer,646790,546232,Car Loan,524,15,3034.62,Delayed,Rejected
CUST00825,38,Female,Jaipur,Self-Employed,2284508,3103407,Car Loan,480,1,258617.25,Excellent,Defaulted
CUST01451,59,Female,Kolkata,Business Owner,842762,470993,Car Loan,675,11,3568.13,Delayed,Rejected
CUST01037,34,Female,Ahmedabad,Business Owner,1380788,1852502,Education Loan,796,7,22053.6,Missed,Defaulted
CUST00494,31,Female,Chennai,Self-Employed,2069059,2073615,Car Loan,351,14,12342.95,Excellent,Defaulted
CUST01588,53,Male,Mumbai,Business Owner,758963,2755421,Education Loan,444,11,20874.4,Excellent,Defaulted
CUST00278,54,Male,Kolkata,Self-Employed,1893439,847583,Education Loan,354,13,5433.22,,Defaulted
CUST01886,60,Female,Hyderabad,Salaried,,3261407,Business Loan,585,2,135891.96,Missed,Defaulted
CUST00359,37,Female,Hyderabad,Freelancer,,2488710,Personal Loan,614,19,10915.39,Good,Approved
CUST01673,53,Female,Kolkata,Salaried,1009057,4872778,Personal Loan,619,8,50758.1,Good,Rejected
CUST00237,52,Male,Hyderabad,Business Owner,2320464,1895700,Education Loan,838,16,9873.44,Excellent,Approved
CUST00552,39,Female,Jaipur,Freelancer,1133396,284000,Personal Loan,878,14,1690.48,Missed,Defaulted
CUST01907,64,Male,Delhi,Freelancer,855129,2104048,Home Loan,341,13,13487.49,Delayed,Defaulted
CUST00931,32,Female,Hyderabad,Freelancer,2202348,4484315,Car Loan,770,17,21981.94,Excellent,Approved
CUST00209,32,Male,Delhi,Salaried,1457100,4451207,Business Loan,466,9,41214.88,Excellent,Defaulted
CUST01415,58,Male,Hyderabad,Self-Employed,860327,903159,Home Loan,623,16,4703.95,Missed,Defaulted
CUST01592,55,Male,Pune,Freelancer,892924,456884,Education Loan,803,11,3461.24,Delayed,Rejected
CUST00059,25,Female,Hyderabad,Business Owner,1883505,2328581,Personal Loan,875,13,14926.8,Good,Approved
CUST00632,29,Female,Pune,Self-Employed,1474634,2412854,Personal Loan,320,5,40214.23,Delayed,Defaulted
CUST01616,42,Male,Kolkata,Self-Employed,219477,1978356,Home Loan,691,7,23551.86,Missed,Defaulted
CUST01899,50,Female,Chennai,Salaried,926448,2871058,Business Loan,,10,23925.48,,Rejected
CUST01609,43,Female,Bangalore,,400339,2808566,Business Loan,462,7,33435.31,Excellent,Defaulted
CUST00364,49,Male,Ahmedabad,Salaried,2160208,1980440,Personal Loan,874,2,82518.33,Missed,Defaulted
CUST00506,53,Female,Kolkata,Self-Employed,1295426,4692681,Home Loan,778,15,26070.45,Good,Approved
CUST01493,50,Male,Kolkata,Salaried,2213148,1659425,Home Loan,668,12,11523.78,Good,Approved
CUST01147,50,Female,Jaipur,Business Owner,2450397,2485678,Car Loan,771,8,25892.48,Good,Approved
CUST01709,59,Female,Delhi,,978799,3482338,Education Loan,,7,41456.4,Good,Rejected
CUST01885,50,Female,Pune,,1776317,79813,Personal Loan,381,4,1662.77,Delayed,Defaulted
CUST01647,24,Female,Hyderabad,Salaried,,1170113,Business Loan,717,16,6094.34,Good,Approved
CUST01406,58,Female,Hyderabad,Business Owner,339227,289608,Personal Loan,889,13,1856.46,Excellent,Approved
CUST01007,57,Male,Delhi,Freelancer,250098,1208343,Business Loan,349,6,16782.54,Missed,Defaulted
CUST00119,24,Male,Ahmedabad,Salaried,1760354,80257,Business Loan,628,19,352,Delayed,Approved
CUST01275,54,Female,Chennai,Self-Employed,879447,2493869,Home Loan,383,16,12988.9,Good,Defaulted
CUST00793,51,Male,Delhi,Salaried,775919,556995,Home Loan,614,10,4641.62,Delayed,Rejected
CUST00523,62,Male,Mumbai,Self-Employed,1104098,2836905,Car Loan,833,6,39401.46,Missed,Defaulted
CUST00514,51,Female,Ahmedabad,Business Owner,1011554,4763199,Home Loan,719,16,24808.33,Missed,Defaulted
CUST00082,22,Male,Hyderabad,Business Owner,742015,243839,Personal Loan,463,2,10159.96,Excellent,Defaulted
CUST00939,43,Female,Delhi,Business Owner,907755,1891646,Home Loan,651,17,9272.77,Delayed,Rejected
CUST01042,61,Male,Pune,Self-Employed,2221770,3984053,Business Loan,671,16,20750.28,Good,Approved
CUST00381,60,Female,Bangalore,Freelancer,2421599,3929928,Home Loan,606,3,109164.67,Missed,Defaulted
CUST01822,38,Male,Mumbai,Business Owner,852416,160957,Business Loan,689,16,838.32,Missed,Defaulted
CUST01833,44,Male,Hyderabad,Freelancer,1229933,735328,Education Loan,492,8,7659.67,Delayed,Defaulted
CUST00085,30,Male,Pune,Self-Employed,294018,2977053,Business Loan,,12,20673.98,Excellent,Defaulted
CUST01712,36,Female,Lucknow,Salaried,2381533,4861889,Personal Loan,842,16,25322.34,Delayed,Rejected
CUST01531,35,Female,Bangalore,Self-Employed,2251811,1603091,Education Loan,653,15,8906.06,Delayed,Rejected
CUST00330,24,Male,Kolkata,Self-Employed,2159925,1191452,Education Loan,492,1,99287.67,Good,Defaulted
CUST00007,60,Male,Bangalore,Freelancer,1187471,1855518,Car Loan,511,16,9664.16,Excellent,Rejected
CUST01188,32,Female,Pune,Freelancer,1159131,2480630,Personal Loan,356,18,11484.4,Delayed,Defaulted
CUST01271,55,Female,Delhi,Freelancer,937954,4499797,Car Loan,762,3,124994.36,Excellent,Rejected
CUST01819,23,Female,Jaipur,Freelancer,,2209020,Personal Loan,548,6,30680.83,Good,Rejected
CUST00907,27,Male,Ahmedabad,Self-Employed,2361352,1512603,Personal Loan,397,1,126050.25,Delayed,Defaulted
CUST00452,49,Female,Lucknow,Business Owner,,3992863,Education Loan,657,7,47534.08,Delayed,Approved
CUST00491,46,Female,Bangalore,Business Owner,1133688,2921259,Car Loan,530,19,12812.54,Excellent,Rejected
CUST01512,63,Female,Hyderabad,Salaried,2295013,436213,Business Loan,534,12,3029.26,Good,Rejected
CUST00288,54,Male,Hyderabad,Freelancer,1017052,1693909,Business Loan,704,18,7842.17,Good,Approved
CUST00944,58,Female,Kolkata,Business Owner,919407,2300618,Education Loan,682,4,47929.54,Missed,Defaulted
CUST00376,64,Female,Lucknow,Freelancer,1079903,4991064,Education Loan,687,19,21890.63,,Rejected
CUST01396,60,Male,Kolkata,Self-Employed,1359662,3328262,Business Loan,589,4,69338.79,Excellent,Rejected
CUST01868,41,Male,Pune,Freelancer,1787819,1784635,Business Loan,383,12,12393.3,Good,Defaulted
CUST01757,39,Male,Bangalore,Self-Employed,529231,1482672,Home Loan,897,8,15444.5,Good,Approved
CUST01305,40,Male,Lucknow,,752439,4745995,Business Loan,671,19,20815.77,Missed,Defaulted
CUST01736,27,Female,Jaipur,Business Owner,421552,3239187,Education Loan,623,18,14996.24,Delayed,Defaulted
CUST01953,44,Female,Jaipur,Business Owner,681215,810330,Car Loan,424,15,4501.83,Missed,Defaulted
CUST01467,55,Female,Delhi,Self-Employed,2078006,4247099,Education Loan,601,12,29493.74,Delayed,Approved
CUST01341,36,Female,Bangalore,Salaried,756718,410306,Personal Loan,589,6,5698.69,Missed,Defaulted
CUST01112,34,Male,Mumbai,Freelancer,1586689,2395251,Car Loan,414,9,22178.25,Good,Defaulted
CUST01689,43,Male,Hyderabad,Freelancer,330356,3822088,Personal Loan,533,5,63701.47,Missed,Defaulted
CUST00328,63,Female,Pune,Salaried,292601,3400448,Home Loan,318,14,20240.76,Missed,Defaulted
CUST00443,40,Male,Kolkata,Business Owner,2442168,4874574,Home Loan,762,16,25388.41,Missed,Defaulted
CUST01660,23,Male,Kolkata,Freelancer,714265,673090,Personal Loan,527,9,6232.31,Missed,Defaulted
CUST01103,41,Male,Kolkata,Salaried,888152,4056389,Education Loan,457,8,42254.05,Good,Defaulted
CUST01488,26,Female,Chennai,Business Owner,1602222,4102579,Education Loan,575,4,85470.4,Delayed,Rejected
CUST01461,24,Female,Lucknow,,615842,2802690,Car Loan,451,8,29194.69,Excellent,Defaulted
CUST00178,45,Female,Jaipur,Freelancer,391703,2287300,Personal Loan,885,19,10032.02,Missed,Defaulted
CUST00786,55,Female,Kolkata,Business Owner,1525569,3827341,Education Loan,693,4,79736.27,Delayed,Rejected
CUST01385,39,Male,Lucknow,Self-Employed,1635601,1496395,Education Loan,708,1,124699.58,Good,Rejected
CUST00087,22,Female,Kolkata,Salaried,2198197,3040193,Personal Loan,574,8,31668.68,Delayed,Rejected
CUST01437,26,Male,Bangalore,Salaried,326310,3921240,Business Loan,535,16,20423.12,Delayed,Defaulted
CUST01940,62,Male,Hyderabad,Freelancer,1545592,1381379,Personal Loan,445,1,115114.92,Excellent,Defaulted
CUST00458,56,Male,Mumbai,Business Owner,2401044,2900774,Car Loan,421,9,26859.02,Delayed,Defaulted
CUST01867,58,Male,Ahmedabad,Business Owner,367527,2610272,Education Loan,813,2,108761.33,Missed,Defaulted
CUST00055,25,Male,Kolkata,Self-Employed,275388,2530017,Personal Loan,479,15,14055.65,Excellent,Defaulted
CUST01533,50,Male,Ahmedabad,Self-Employed,1668919,2219068,Personal Loan,738,1,184922.33,Good,Rejected
CUST00644,30,Male,Jaipur,Salaried,2233901,239073,Home Loan,580,9,2213.64,Excellent,Rejected
CUST00678,49,Female,Delhi,Self-Employed,439968,3239189,Personal Loan,556,13,20764.03,Delayed,Defaulted
CUST00222,40,Male,Pune,Business Owner,,328495,Car Loan,514,13,2105.74,Good,Rejected
CUST00114,56,Female,Delhi,Salaried,2290545,1483284,Home Loan,503,4,30901.75,Missed,Defaulted
CUST01161,53,Male,Pune,Self-Employed,1411569,885988,Education Loan,,9,8203.59,,Approved
CUST01337,42,Female,Bangalore,Self-Employed,1234186,3217126,Home Loan,561,14,19149.56,Excellent,Rejected
CUST01030,27,Female,Mumbai,Business Owner,2447175,4904501,Personal Loan,525,17,24041.67,Good,Rejected
CUST00175,36,Male,Pune,Salaried,487313,3835961,Personal Loan,499,8,39957.93,Missed,Defaulted
CUST00808,45,Female,Chennai,Salaried,660796,3111342,Personal Loan,300,17,15251.68,Good,Defaulted
CUST00590,41,Male,Hyderabad,Freelancer,1579904,2547934,Personal Loan,315,4,53081.96,Missed,Defaulted
CUST01987,27,Female,Hyderabad,Self-Employed,1808795,4640723,Business Loan,370,15,25781.79,Delayed,Defaulted
CUST00019,45,Female,Chennai,Freelancer,1452078,848658,Personal Loan,515,10,7072.15,Good,Rejected
CUST00424,51,Male,Delhi,Self-Employed,1182599,2373724,Personal Loan,846,16,12363.15,Missed,Defaulted
CUST01982,24,Female,Mumbai,Freelancer,1312548,1079516,Education Loan,740,14,6425.69,Excellent,Approved
CUST00286,24,Female,Bangalore,Business Owner,2056231,4803292,Home Loan,743,15,26684.96,,Rejected
CUST01615,50,Male,Lucknow,Freelancer,1575607,244152,Home Loan,509,11,1849.64,Excellent,Rejected
CUST00429,47,Male,Hyderabad,Business Owner,1840920,3423307,Business Loan,303,11,25934.14,Missed,Defaulted
CUST01541,38,Female,Lucknow,Business Owner,2196961,2561019,Personal Loan,392,6,35569.71,Missed,Defaulted
CUST01420,45,Female,Ahmedabad,Self-Employed,2009858,1650720,Personal Loan,638,17,8091.76,Good,Approved
CUST00670,34,Female,Pune,Freelancer,1761588,2258578,Education Loan,529,12,15684.57,Missed,Defaulted
CUST00032,36,Male,Mumbai,Business Owner,263646,1005205,Education Loan,,1,83767.08,Good,Approved
CUST01995,58,Female,Ahmedabad,Freelancer,397097,869973,Car Loan,524,16,4531.11,Good,Rejected
CUST00723,59,Male,Delhi,Self-Employed,,1662033,Business Loan,804,10,13850.28,Delayed,Rejected
CUST01166,37,Female,Chennai,Freelancer,1263319,4355665,Home Loan,624,8,45371.51,Good,Rejected
CUST00215,50,Female,Chennai,Salaried,1064645,4300167,Business Loan,745,6,59724.54,Delayed,Rejected
CUST01924,37,Male,Ahmedabad,Freelancer,2348983,3489187,Education Loan,675,16,18172.85,Missed,Defaulted
CUST01272,45,Female,Hyderabad,Freelancer,907173,654111,Personal Loan,840,11,4955.39,Missed,Defaulted
CUST00327,46,Male,Ahmedabad,Self-Employed,1407786,2936569,Education Loan,356,12,20392.84,Missed,Defaulted
CUST00561,63,Female,Ahmedabad,Self-Employed,,4481373,Personal Loan,740,18,20747.1,Excellent,Rejected
CUST01138,31,Female,Pune,Self-Employed,951518,3300428,Personal Loan,670,5,55007.13,Missed,Defaulted
CUST00701,55,Male,Pune,Salaried,1045474,3683646,Personal Loan,357,4,76742.62,Delayed,Defaulted
CUST00775,39,Male,Mumbai,Self-Employed,277175,3537379,Education Loan,783,1,294781.58,Excellent,Defaulted
CUST01976,56,Male,Jaipur,Business Owner,899895,3811090,Business Loan,839,14,22685.06,Good,Rejected
CUST00342,61,Male,Lucknow,Freelancer,1939080,1043978,Personal Loan,408,12,7249.85,Missed,Defaulted
CUST00630,45,Female,Delhi,Freelancer,2454614,2730990,Business Loan,502,1,227582.5,Missed,Defaulted
CUST00148,49,Female,Jaipur,Self-Employed,1864742,3395026,Business Loan,367,8,35364.85,Missed,Defaulted
CUST01223,55,Male,Delhi,,1636457,1945618,Personal Loan,582,7,23162.12,Missed,Defaulted
CUST00361,33,Female,Kolkata,Self-Employed,1868321,3550967,Personal Loan,316,18,16439.66,Good,Defaulted
CUST00084,28,Male,Chennai,Salaried,457681,3097589,Home Loan,,16,16133.28,Excellent,Defaulted
CUST00049,29,Male,Chennai,Self-Employed,1445077,2322759,Home Loan,885,13,14889.48,Missed,Defaulted
CUST00469,64,Male,Chennai,Salaried,1920023,1210152,Personal Loan,344,19,5307.68,Missed,Defaulted
CUST00156,32,Male,Ahmedabad,Business Owner,1992113,1468826,Education Loan,823,10,12240.22,Excellent,Approved
CUST01125,22,Female,Delhi,Self-Employed,418401,545919,Education Loan,640,8,5686.66,Missed,Defaulted
CUST01054,50,Male,Hyderabad,Salaried,1343647,4596925,Car Loan,429,8,47884.64,Missed,Defaulted
CUST01226,32,Male,Mumbai,Self-Employed,1722534,1301661,Education Loan,736,14,7747.98,Excellent,Approved
CUST01842,31,Female,Ahmedabad,Business Owner,,967999,Car Loan,863,7,11523.8,Excellent,Approved
CUST01468,33,Female,Hyderabad,Self-Employed,919174,3560764,Education Loan,337,11,26975.48,Missed,Defaulted
CUST01761,53,Female,Ahmedabad,Salaried,316214,2257928,Car Loan,802,16,11760.04,Missed,Defaulted
CUST00501,39,Male,Kolkata,Self-Employed,,1678662,Personal Loan,782,12,11657.38,Missed,Defaulted
CUST01801,56,Male,Hyderabad,Salaried,1337411,2146419,Personal Loan,455,4,44717.06,Missed,Defaulted
CUST00180,33,Female,Chennai,Business Owner,1322437,2671158,Education Loan,698,8,27824.56,Missed,Defaulted
CUST01671,52,Female,Pune,Salaried,259778,930432,Education Loan,480,6,12922.67,Good,Defaulted
CUST01792,60,Male,Mumbai,Business Owner,1953767,981775,Education Loan,710,18,4545.25,Delayed,Rejected
CUST00860,32,Male,Mumbai,Freelancer,2254376,4979107,Education Loan,687,13,31917.35,Good,Rejected
CUST00910,44,Female,Chennai,Freelancer,1661331,186645,Car Loan,880,13,1196.44,Delayed,Rejected
CUST01182,50,Female,Lucknow,Freelancer,1014422,3944456,Business Loan,840,4,82176.17,Delayed,Approved
CUST01651,51,Female,Jaipur,Salaried,579270,4476421,Home Loan,457,2,186517.54,Good,Defaulted
CUST00529,35,Male,Jaipur,Freelancer,1911646,1685765,Business Loan,741,6,23413.4,Missed,Defaulted
CUST00347,50,Female,Jaipur,Self-Employed,1143693,888927,Home Loan,672,9,8230.81,Missed,Defaulted
CUST01655,41,Female,Pune,Salaried,2419484,2708492,Home Loan,407,14,16121.98,Good,Defaulted
CUST00675,22,Male,Chennai,Business Owner,1649796,2730259,Personal Loan,560,12,18960.13,Excellent,Rejected
CUST01978,35,Male,Mumbai,Self-Employed,,4452910,Home Loan,693,14,26505.42,Excellent,Approved
CUST01683,62,Male,Delhi,Business Owner,1360117,4047936,Personal Loan,428,7,48189.71,Missed,Defaulted
CUST01038,61,Female,Mumbai,Freelancer,2294945,1512538,Car Loan,702,18,7002.49,Excellent,Approved
CUST00602,27,Female,Kolkata,Self-Employed,1297353,1815520,Personal Loan,792,15,10086.22,Good,Approved
CUST01909,51,Female,Mumbai,Salaried,1002242,4788637,Home Loan,686,12,33254.42,Missed,Defaulted
CUST00244,23,Female,Bangalore,Business Owner,2354174,1792166,Home Loan,413,16,9334.2,Excellent,Defaulted
CUST00924,45,Male,Chennai,Business Owner,1891870,4750858,Home Loan,814,2,197952.42,Good,Approved
CUST01091,28,Male,Pune,Salaried,2087895,3716569,Education Loan,855,7,44244.87,Good,Approved
CUST01506,49,Female,Mumbai,Self-Employed,249976,200653,Home Loan,684,2,8360.54,Good,Rejected
CUST00313,56,Male,Kolkata,Freelancer,687510,4687370,Personal Loan,561,13,30047.24,Missed,Defaulted
CUST00436,44,Female,Chennai,Business Owner,1689493,849687,Car Loan,534,7,10115.32,Good,Rejected
CUST01939,52,Female,Chennai,Freelancer,761693,3198817,Personal Loan,449,6,44428.01,Excellent,Defaulted
CUST01270,56,Male,Kolkata,Freelancer,1681571,4370153,Car Loan,714,12,30348.28,Excellent,Approved
CUST00309,49,Female,Delhi,Salaried,2022550,2141013,Business Loan,854,7,25488.25,Missed,Defaulted
CUST00431,60,Male,Delhi,Salaried,889556,3547831,Business Loan,767,5,59130.52,Delayed,Rejected
CUST00661,22,Male,Chennai,Self-Employed,2159669,2035681,Personal Loan,375,15,11309.34,,Defaulted
CUST00371,43,Female,Kolkata,Salaried,1433741,2837976,Business Loan,380,12,19708.17,Delayed,Defaulted
CUST00567,58,Female,Hyderabad,Freelancer,1926605,649792,Education Loan,625,9,6016.59,Missed,Defaulted
CUST01704,34,Male,Jaipur,Self-Employed,2077145,1013544,Business Loan,528,5,16892.4,Delayed,Rejected
CUST00182,23,Male,Lucknow,Self-Employed,1813325,2488064,Home Loan,894,3,69112.89,Missed,Defaulted
CUST01777,58,Female,Delhi,Salaried,2195141,1911663,Personal Loan,643,16,9956.58,Good,Approved
CUST00622,32,Male,Jaipur,Business Owner,1926199,3048111,Personal Loan,,1,254009.25,Good,Defaulted
CUST01294,61,Female,Kolkata,Business Owner,2086963,1923204,Business Loan,377,16,10016.69,Missed,Defaulted
CUST01330,53,Female,Lucknow,Business Owner,944748,1814694,Education Loan,455,7,21603.5,Good,Defaulted
CUST00989,48,Female,Bangalore,Self-Employed,2305188,2633236,Car Loan,666,5,43887.27,Excellent,Rejected
CUST00814,44,Male,Lucknow,Salaried,1204001,1091566,Education Loan,335,9,10107.09,Excellent,Defaulted
CUST01450,56,Female,Jaipur,Business Owner,623177,2180118,Personal Loan,436,3,60558.83,Delayed,Defaulted
CUST01879,63,Male,Ahmedabad,Freelancer,1620827,275687,Business Loan,770,9,2552.66,Excellent,Approved
CUST00975,61,Female,Pune,Salaried,1684209,3027299,Home Loan,575,1,252274.92,Excellent,Rejected
CUST01117,51,Male,Lucknow,Business Owner,1559231,3878239,Car Loan,676,4,80796.65,Good,Rejected
CUST00297,48,Female,Kolkata,Self-Employed,642939,2476277,Home Loan,357,5,41271.28,Missed,Defaulted
CUST01818,41,Female,Bangalore,Salaried,1558126,4248440,Education Loan,485,12,29503.06,Good,Defaulted
CUST00462,58,Male,Delhi,Freelancer,304195,174591,Car Loan,617,1,14549.25,Excellent,Approved
CUST01329,47,Female,Jaipur,Freelancer,508617,460226,Business Loan,521,11,3486.56,Excellent,Rejected
CUST01260,57,Male,Delhi,Business Owner,990645,3178411,Education Loan,766,7,37838.23,Missed,Defaulted
CUST00378,54,Female,Delhi,Business Owner,284080,3426910,Business Loan,495,2,142787.92,Delayed,Defaulted
CUST00799,29,Female,Jaipur,Business Owner,1176433,2230945,Business Loan,460,12,15492.67,Good,Defaulted
CUST01855,64,Male,Kolkata,Freelancer,2148061,4998122,Personal Loan,497,11,37864.56,Good,Defaulted
CUST00106,54,Female,Jaipur,Self-Employed,577539,3121640,Car Loan,887,2,130068.33,Good,Rejected
CUST00127,36,Female,Mumbai,Freelancer,954296,4165345,Education Loan,477,7,49587.44,Missed,Defaulted
CUST01470,30,Female,Kolkata,Business Owner,2358996,3460956,Car Loan,720,18,16022.94,Missed,Defaulted
CUST01323,39,Female,Chennai,Self-Employed,2117160,3036068,Education Loan,695,18,14055.87,Missed,Defaulted
CUST00870,45,Male,Kolkata,Self-Employed,673866,4689022,Car Loan,331,7,55821.69,Excellent,Defaulted
CUST00356,41,Male,Bangalore,Self-Employed,312990,3427932,Personal Loan,417,5,57132.2,Delayed,Defaulted
CUST01648,41,Female,Ahmedabad,Salaried,1588509,1863353,Car Loan,412,19,8172.6,,Defaulted
CUST00683,59,Male,Bangalore,Freelancer,1227557,470602,Home Loan,507,7,5602.4,Excellent,Rejected
CUST01774,52,Male,Ahmedabad,Business Owner,1208109,4618672,Business Loan,639,10,38488.93,Good,Rejected
CUST01550,28,Male,Bangalore,Freelancer,1589678,2558164,Home Loan,569,9,23686.7,Excellent,Rejected
CUST00905,24,Female,Pune,Freelancer,1056626,2337319,Education Loan,351,3,64925.53,Excellent,Defaulted
CUST00210,37,Female,Jaipur,Salaried,1413261,1088218,Education Loan,667,4,22671.21,Missed,Defaulted
CUST00917,22,Male,Pune,Self-Employed,1343051,2540272,Personal Loan,413,1,211689.33,Delayed,Defaulted
CUST00141,64,Female,Delhi,Self-Employed,393783,1434822,Car Loan,536,13,9197.58,Good,Rejected
CUST01466,46,Male,Hyderabad,Business Owner,1984006,1910371,Education Loan,860,9,17688.62,Delayed,Rejected
CUST01384,34,Male,Lucknow,Salaried,1372341,1684224,Car Loan,411,7,20050.29,Missed,Defaulted
CUST02000,44,Female,Jaipur,Business Owner,2067829,1478926,Car Loan,648,14,8803.13,Delayed,Rejected
CUST01606,23,Male,Ahmedabad,Self-Employed,2067306,4951366,Home Loan,535,4,103153.46,Missed,Defaulted
CUST01121,37,Female,Hyderabad,Freelancer,1497991,1994606,Personal Loan,400,5,33243.43,Missed,Defaulted
CUST01034,64,Male,Lucknow,Salaried,1104850,4770058,Education Loan,430,5,79500.97,Good,Defaulted
CUST01246,27,Male,Kolkata,Freelancer,815175,3789469,Home Loan,323,12,26315.76,Delayed,Defaulted
CUST00712,51,Female,Lucknow,Business Owner,1437715,2779737,Business Loan,848,5,46328.95,Good,Approved
CUST01293,64,Male,Pune,Salaried,1842425,3073846,Home Loan,759,19,13481.78,Missed,Defaulted
CUST01938,34,Male,Lucknow,Business Owner,2366452,1082469,Business Loan,404,12,7517.15,Good,Defaulted
CUST01285,47,Male,Kolkata,Self-Employed,1686516,2452110,Car Loan,438,9,22704.72,Excellent,Defaulted
CUST00893,54,Female,Delhi,Freelancer,980926,4225282,Business Loan,361,12,29342.24,,Defaulted
CUST00011,32,Male,Kolkata,Business Owner,1388554,3649537,Personal Loan,,16,19008.01,Excellent,Approved
CUST01729,49,Male,Mumbai,Freelancer,2034907,3096672,Home Loan,809,10,25805.6,Excellent,Approved
CUST01546,56,Male,Ahmedabad,Salaried,2366239,400068,Education Loan,575,4,8334.75,Missed,Defaulted
CUST00283,41,Male,Jaipur,,1548207,818223,Education Loan,693,14,4870.38,Missed,Defaulted
CUST00811,35,Female,Delhi,Freelancer,1294979,3131362,Car Loan,846,1,260946.83,Delayed,Rejected
CUST01554,55,Female,Delhi,Salaried,2168880,1219070,Education Loan,539,16,6349.32,Good,Rejected
CUST00292,51,Male,Bangalore,Self-Employed,1628080,2979735,Personal Loan,384,7,35473.04,Delayed,Defaulted
CUST00755,32,Male,Chennai,Salaried,2017189,3657323,Home Loan,835,16,19048.56,Missed,Defaulted
CUST00627,29,Female,Pune,Business Owner,2315810,3966533,Personal Loan,,8,41318.05,Missed,Defaulted
CUST00979,27,Male,Ahmedabad,Freelancer,401260,4587454,Business Loan,627,9,42476.43,Missed,Defaulted
CUST01304,33,Male,Hyderabad,Freelancer,641048,432811,Education Loan,448,8,4508.45,Missed,Defaulted
CUST00130,63,Male,Kolkata,Salaried,1317195,375329,Personal Loan,715,9,3475.27,Good,Approved
CUST01201,56,Female,Delhi,Freelancer,2013924,3319497,Home Loan,830,13,21278.83,Missed,Defaulted
CUST00844,40,Female,Jaipur,Self-Employed,1455516,1458791,Home Loan,372,5,24313.18,Excellent,Defaulted
CUST00324,54,Male,Pune,Self-Employed,1228494,4527310,Personal Loan,455,13,29021.22,Excellent,Defaulted
CUST01114,44,Male,Lucknow,Business Owner,2318433,2873978,Personal Loan,330,19,12605.17,Delayed,Defaulted
CUST00875,49,Male,Pune,Freelancer,1161703,958017,Car Loan,732,15,5322.32,Delayed,Approved
CUST01000,31,Female,Kolkata,Freelancer,635477,4744668,Personal Loan,317,15,26359.27,Delayed,Defaulted
CUST01904,55,Female,Ahmedabad,Self-Employed,1047942,3978683,Business Loan,464,19,17450.36,Good,Defaulted
CUST01821,27,Female,Mumbai,Self-Employed,736644,2965751,Home Loan,620,19,13007.68,Good,Rejected
CUST00906,54,Female,Lucknow,Self-Employed,1063349,4838109,Business Loan,819,2,201587.88,,Defaulted
CUST00696,34,Male,Chennai,Business Owner,1056047,3914856,Business Loan,499,19,17170.42,Excellent,Defaulted
CUST00216,24,Female,Delhi,Business Owner,1628127,3368843,Personal Loan,593,10,28073.69,Missed,Defaulted
CUST01055,35,Female,Ahmedabad,Business Owner,1616953,2619849,Personal Loan,592,1,218320.75,Missed,Defaulted
CUST01914,61,Female,Lucknow,Self-Employed,724480,3923691,Car Loan,715,19,17209.17,Good,Rejected
CUST01288,30,Male,Hyderabad,Self-Employed,586721,3452862,Education Loan,738,3,95912.83,Delayed,Rejected
CUST00159,60,Male,Chennai,Self-Employed,592136,2170711,Education Loan,398,14,12920.9,Delayed,Defaulted
CUST01308,31,Male,Delhi,Business Owner,376743,2543330,Home Loan,440,2,105972.08,Good,Defaulted
CUST01035,33,Male,Kolkata,Business Owner,894335,4012931,Car Loan,742,14,23886.49,Delayed,Rejected
CUST00926,56,Female,Chennai,Freelancer,207461,3911607,Business Loan,879,14,23283.38,Excellent,Defaulted
CUST00842,29,Male,Ahmedabad,Self-Employed,2120379,4659409,Personal Loan,487,1,388284.08,Excellent,Defaulted
CUST00635,47,Male,Kolkata,Self-Employed,322775,1789122,Car Loan,345,1,149093.5,Missed,Defaulted
CUST00517,46,Female,Bangalore,Business Owner,969097,2139319,Home Loan,888,4,44569.15,Missed,Defaulted
CUST01457,58,Female,Lucknow,Business Owner,1333276,4651318,Home Loan,609,13,29816.14,Missed,Defaulted
CUST01552,62,Male,Bangalore,Business Owner,1128660,3693394,Home Loan,384,7,43968.98,Excellent,Defaulted
CUST00598,49,Female,Hyderabad,Freelancer,1064690,3185609,Home Loan,480,1,265467.42,Delayed,Defaulted
CUST00196,47,Female,Bangalore,Freelancer,345788,4276405,Personal Loan,362,11,32397.01,Delayed,Defaulted
CUST01675,46,Female,Jaipur,Freelancer,2373513,3989625,Personal Loan,602,19,17498.36,Missed,Defaulted
CUST01565,25,Female,Hyderabad,Self-Employed,1314518,2641822,Business Loan,408,15,14676.79,Missed,Defaulted
CUST00411,26,Male,Kolkata,Business Owner,1799908,4961077,Education Loan,727,7,59060.44,Good,Rejected
CUST00097,63,Male,Bangalore,Freelancer,1279583,3796328,Car Loan,709,18,17575.59,Missed,Defaulted
CUST00441,52,Female,Pune,Salaried,1443085,4981767,Education Loan,610,19,21849.86,Excellent,Approved
CUST01740,62,Male,Chennai,Business Owner,2097951,3976449,Car Loan,754,18,18409.49,Delayed,Approved
CUST00157,49,Male,Lucknow,Self-Employed,415400,4530967,Home Loan,583,15,25172.04,Missed,Defaulted
CUST00420,50,Female,Jaipur,Freelancer,995928,569385,Car Loan,793,7,6778.39,Missed,Defaulted
CUST01841,50,Female,Delhi,Business Owner,324116,1571193,Business Loan,591,8,16366.59,Excellent,Rejected
CUST00478,47,Female,Lucknow,Freelancer,1290668,2974537,Education Loan,814,9,27542.01,Good,Approved
CUST01895,29,Male,Kolkata,Salaried,1119424,3896342,Personal Loan,737,18,18038.62,Excellent,Approved
CUST00669,48,Female,Delhi,Business Owner,231852,3536142,Business Loan,645,9,32742.06,Missed,Defaulted
CUST01062,58,Female,Kolkata,Self-Employed,792632,2505918,Car Loan,802,5,41765.3,Missed,Defaulted
CUST01912,47,Female,Ahmedabad,Self-Employed,1360294,3124795,Education Loan,730,13,20030.74,Excellent,Rejected
CUST01428,41,Male,Bangalore,Self-Employed,590642,4982206,Car Loan,521,2,207591.92,Missed,Defaulted
CUST00448,37,Female,Bangalore,Self-Employed,616978,4482787,Home Loan,650,7,53366.51,Good,Defaulted
CUST00554,30,Female,Lucknow,Freelancer,1803546,372137,Business Loan,886,11,2819.22,Good,Approved
CUST00179,62,Female,Mumbai,Freelancer,1293609,4275389,Car Loan,676,8,44535.3,Delayed,Approved
CUST00391,51,Female,Hyderabad,Salaried,822893,2138618,Personal Loan,,17,10483.42,Delayed,Rejected
CUST00579,52,Male,Lucknow,Business Owner,291006,4288340,Education Loan,432,7,51051.67,Delayed,Defaulted
CUST01273,43,Female,Lucknow,Salaried,1939957,1202791,Business Loan,663,12,8352.72,Good,Rejected
CUST01741,63,Female,Ahmedabad,Freelancer,1868531,1890277,Car Loan,452,2,78761.54,Excellent,Defaulted
CUST01314,52,Male,Chennai,Salaried,960278,1749660,Home Loan,400,11,13255,Missed,Defaulted
CUST01697,23,Male,Jaipur,Business Owner,1949736,384248,Personal Loan,334,6,5336.78,Excellent,Defaulted
CUST00932,30,Female,Delhi,Business Owner,1979685,1603744,Education Loan,,6,22274.22,Delayed,Rejected
CUST00821,58,Female,Mumbai,Self-Employed,2099054,3347466,Business Loan,833,11,25359.59,Delayed,Approved
CUST01908,31,Female,Kolkata,Business Owner,917104,1113692,Personal Loan,584,19,4884.61,Good,Rejected
CUST01503,40,Male,Kolkata,Business Owner,1685676,955112,Business Loan,352,9,8843.63,Good,Defaulted
CUST01474,26,Female,Chennai,Self-Employed,2216654,3239858,Education Loan,378,3,89996.06,Delayed,Defaulted
CUST00665,42,Male,Hyderabad,Business Owner,1591405,3385379,Personal Loan,794,6,47019.15,Delayed,Approved
CUST00143,57,Male,Jaipur,Salaried,1215416,1999902,Education Loan,786,8,20832.31,Good,Approved
CUST01548,40,Female,Jaipur,Business Owner,2013205,2788384,Personal Loan,656,15,15491.02,Delayed,Approved
CUST01458,55,Female,Ahmedabad,Salaried,1960511,4130790,Personal Loan,895,15,22948.83,Delayed,Rejected
CUST00865,24,Female,Kolkata,Business Owner,1700948,4121867,Personal Loan,311,5,68697.78,Missed,Defaulted
CUST00422,49,Male,Pune,Self-Employed,1088036,1622138,Education Loan,554,10,13517.82,Excellent,Rejected
CUST00637,49,Female,Kolkata,,2110947,2836281,Home Loan,463,10,23635.68,Excellent,Defaulted
CUST01799,36,Male,Mumbai,Self-Employed,1113081,726337,Personal Loan,761,10,6052.81,Delayed,Rejected
CUST00800,56,Female,Pune,Salaried,660244,1651028,Personal Loan,475,1,137585.67,Delayed,Defaulted
CUST01090,46,Female,Jaipur,Freelancer,1915880,3617945,Home Loan,497,3,100498.47,Good,Defaulted
CUST00616,36,Female,Kolkata,Freelancer,2181019,2466826,Car Loan,650,1,205568.83,Missed,Defaulted
CUST00295,29,Female,Kolkata,Self-Employed,2125544,2620725,Personal Loan,444,11,19853.98,Delayed,Defaulted
CUST01436,27,Female,Mumbai,Salaried,568226,2096719,Education Loan,305,6,29121.1,Missed,Defaulted
CUST00963,35,Female,Bangalore,Salaried,768302,4853290,Home Loan,896,1,404440.83,Excellent,Defaulted
CUST01943,55,Male,Hyderabad,Self-Employed,1906517,1467191,Home Loan,347,12,10188.83,Delayed,Defaulted
CUST00089,45,Female,Chennai,Self-Employed,429104,2557743,Car Loan,550,18,11841.4,Excellent,Rejected
CUST00042,35,Female,Mumbai,Freelancer,2011840,514462,Business Loan,681,17,2521.87,Excellent,Approved
CUST01840,31,Male,Chennai,Salaried,1271984,674913,Business Loan,754,4,14060.69,Good,Approved
CUST01974,47,Male,Kolkata,Salaried,856030,446456,Education Loan,766,10,3720.47,Excellent,Approved
CUST00132,53,Male,Mumbai,Self-Employed,2468115,1277222,Personal Loan,554,15,7095.68,Missed,Defaulted
CUST01902,26,Female,Kolkata,Self-Employed,1456348,1258060,Car Loan,462,7,14976.9,Good,Defaulted
CUST00410,60,Male,Hyderabad,Self-Employed,1252330,3931143,Home Loan,381,6,54599.21,Good,Defaulted
CUST01906,47,Female,Pune,Business Owner,1307268,3660160,Education Loan,594,13,23462.56,Delayed,Rejected
CUST01894,63,Male,Bangalore,Business Owner,1959989,3188893,Education Loan,507,15,17716.07,Delayed,Rejected
CUST01371,43,Male,Lucknow,Freelancer,1356618,3672541,Personal Loan,581,13,23541.93,Good,Rejected
CUST01566,48,Female,Kolkata,Freelancer,737977,2107797,Education Loan,848,10,17564.97,Missed,Defaulted
CUST00165,24,Male,Kolkata,Business Owner,1444625,875782,Home Loan,869,3,24327.28,Missed,Defaulted
CUST00725,59,Male,Delhi,Salaried,1504766,3374024,Education Loan,548,8,35146.08,Good,Rejected
CUST00291,43,Male,Ahmedabad,Self-Employed,,1905797,Home Loan,377,17,9342.14,Missed,Defaulted
CUST01361,24,Female,Mumbai,Salaried,681725,4819729,Personal Loan,,7,57377.73,Missed,Defaulted
CUST01567,38,Male,Pune,Business Owner,2199014,851818,Personal Loan,418,17,4175.58,Excellent,Defaulted
CUST01937,30,Male,Kolkata,Salaried,2302146,2977971,Personal Loan,751,18,13786.9,Delayed,Approved
CUST01381,55,Male,Hyderabad,Salaried,2098769,4266803,Personal Loan,785,3,118522.31,Delayed,Rejected
CUST01640,29,Male,Jaipur,Business Owner,435419,584633,Car Loan,541,5,9743.88,Good,Rejected
CUST00779,42,Male,Mumbai,Freelancer,1758242,2479151,Personal Loan,506,3,68865.31,Delayed,Rejected
CUST00840,43,Female,Lucknow,Freelancer,859738,4768912,Education Loan,896,6,66234.89,Excellent,Rejected
CUST00349,47,Female,Ahmedabad,Freelancer,323257,4075345,Car Loan,898,3,113204.03,Good,Defaulted
CUST01985,29,Female,Bangalore,Salaried,1682795,3659684,Personal Loan,852,18,16942.98,Delayed,Approved
CUST00572,43,Male,Delhi,Salaried,1799792,4908939,Car Loan,634,14,29219.88,Delayed,Approved
CUST00918,58,Male,Mumbai,Freelancer,710370,2679137,Education Loan,503,7,31894.49,Excellent,Rejected
CUST01014,25,Male,Chennai,Freelancer,1872795,168920,Car Loan,369,8,1759.58,Excellent,Defaulted
CUST01927,62,Female,Lucknow,Self-Employed,626488,3407963,Business Loan,692,8,35499.61,Excellent,Rejected
CUST01499,34,Male,Ahmedabad,Freelancer,337686,1870844,Business Loan,310,10,15590.37,Excellent,Defaulted
CUST01623,24,Female,Mumbai,Freelancer,2081297,4727482,Home Loan,,9,43772.98,Delayed,Defaulted
CUST01344,29,Male,Delhi,Freelancer,2199063,3983233,Personal Loan,323,17,19525.65,Good,Defaulted
CUST01883,55,Female,Mumbai,Salaried,1951797,2121088,Home Loan,695,6,29459.56,Excellent,Rejected
CUST00137,58,Male,Mumbai,Self-Employed,510375,4523447,Car Loan,720,9,41883.77,Delayed,Defaulted
CUST00459,54,Female,Chennai,Salaried,1512743,4480675,Car Loan,316,13,28722.28,Good,Defaulted
CUST00376,64,Female,Lucknow,Freelancer,1079903,4991064,Education Loan,687,19,21890.63,,Rejected
CUST01369,25,Male,Bangalore,Business Owner,1403920,2235132,Personal Loan,402,19,9803.21,Excellent,Defaulted
CUST00334,43,Male,Lucknow,Self-Employed,2077541,3299479,Business Loan,,10,27495.66,Missed,Defaulted
CUST00859,51,Male,Mumbai,Self-Employed,685757,4948107,Car Loan,893,19,21702.22,Excellent,Defaulted
CUST01595,25,Male,Ahmedabad,Freelancer,794821,3338157,Business Loan,480,10,27817.98,Delayed,Defaulted
CUST01963,33,Male,Jaipur,Freelancer,,2253463,Education Loan,381,11,17071.69,Good,Defaulted
CUST01893,37,Male,Ahmedabad,Salaried,1933985,4084649,Business Loan,760,1,340387.42,Missed,Defaulted
CUST01487,49,Female,Mumbai,Business Owner,1198082,2554973,Business Loan,364,14,15208.17,Good,Defaulted
CUST00817,59,Male,Bangalore,Self-Employed,691862,3484078,Personal Loan,894,11,26394.53,Delayed,Rejected
CUST01600,60,Male,Ahmedabad,Freelancer,1642181,2306356,Business Loan,884,14,13728.31,Delayed,Approved
CUST00606,42,Female,Bangalore,Freelancer,824446,172019,Car Loan,858,5,2866.98,Delayed,Rejected
CUST01954,40,Female,Chennai,,900636,2982878,Home Loan,636,6,41428.86,Excellent,Approved
CUST01502,45,Male,Lucknow,,2018902,1170803,Home Loan,850,10,9756.69,Good,Approved
CUST01041,54,Male,Bangalore,Salaried,2169710,2482665,Home Loan,628,13,15914.52,Delayed,Rejected
CUST00911,31,Male,Bangalore,Salaried,980741,1702131,Car Loan,856,2,70922.12,Delayed,Approved
CUST01274,26,Female,Ahmedabad,Freelancer,516275,3961087,Business Loan,429,4,82522.65,Good,Defaulted
CUST01970,54,Male,Lucknow,Freelancer,1544385,1098939,Car Loan,701,15,6105.22,Delayed,Approved
CUST01504,37,Male,Lucknow,Business Owner,2183044,3785447,Home Loan,517,19,16602.84,Excellent,Rejected
CUST00329,52,Male,Bangalore,Salaried,829085,1664099,Education Loan,683,4,34668.73,Delayed,Rejected
CUST01058,43,Male,Ahmedabad,Salaried,1109245,4929797,Car Loan,398,4,102704.1,Missed,Defaulted
CUST00319,56,Male,Pune,Business Owner,1074772,3870888,Business Loan,379,18,17920.78,Missed,Defaulted
CUST01561,25,Male,Delhi,Self-Employed,1737111,3323751,Home Loan,721,9,30775.47,Good,Approved
CUST01386,53,Male,Ahmedabad,Business Owner,2425541,2633677,Business Loan,306,17,12910.18,Missed,Defaulted
CUST01804,57,Female,Jaipur,Self-Employed,2399100,4915294,Education Loan,476,12,34133.99,Good,Defaulted
CUST00168,29,Male,Ahmedabad,Freelancer,814805,4659770,Business Loan,341,9,43146.02,Missed,Defaulted
CUST00013,57,Male,Jaipur,Freelancer,458517,2032847,Personal Loan,825,8,21175.49,Good,Rejected
CUST01967,40,Female,Jaipur,Self-Employed,2259385,2176861,Business Loan,803,13,13954.24,Good,Approved
CUST00172,54,Female,Delhi,Self-Employed,2359081,997272,Education Loan,370,14,5936.14,Missed,Defaulted
CUST00650,34,Male,Mumbai,Salaried,1024143,4415693,Car Loan,425,12,30664.53,Excellent,Defaulted
CUST01085,55,Male,Chennai,Freelancer,1385493,151894,Education Loan,448,5,2531.57,Excellent,Defaulted
CUST00261,29,Female,Jaipur,Business Owner,1534742,3972750,Car Loan,713,10,33106.25,Delayed,Approved
CUST01448,24,Female,Pune,Self-Employed,1235891,1028935,Education Loan,868,5,17148.92,Missed,Defaulted
CUST00443,40,Male,Kolkata,Business Owner,2442168,4874574,Home Loan,762,16,25388.41,Missed,Defaulted
CUST00902,57,Female,Lucknow,Salaried,1770057,1246311,Business Loan,760,16,6491.2,Delayed,Approved
CUST00673,62,Female,Kolkata,Freelancer,1446713,3930323,Home Loan,325,19,17238.26,Delayed,Defaulted
CUST00259,45,Male,Kolkata,Freelancer,702420,166841,Personal Loan,632,7,1986.2,Good,Approved
CUST01537,53,Female,Kolkata,Business Owner,1948982,2145104,Business Loan,727,12,14896.56,Good,Rejected
CUST00845,63,Female,Pune,Freelancer,1553324,2026850,Car Loan,778,6,28150.69,Missed,Defaulted
CUST00868,58,Male,Mumbai,Salaried,1794918,4278087,Car Loan,805,13,27423.63,Excellent,Approved
CUST01413,25,Male,Ahmedabad,Business Owner,2184681,3196243,Education Loan,373,15,17756.91,Excellent,Defaulted
CUST00139,60,Male,Kolkata,Business Owner,1471300,453157,Home Loan,795,3,12587.69,Delayed,Rejected
CUST00894,41,Female,Jaipur,Business Owner,2295588,3567847,Home Loan,619,1,297320.58,Missed,Defaulted
CUST01876,54,Female,Lucknow,Freelancer,1925049,1203891,Business Loan,512,6,16720.71,Missed,Defaulted
CUST00550,64,Female,Ahmedabad,Self-Employed,1005113,4461054,Car Loan,415,15,24783.63,Excellent,Defaulted
CUST00320,54,Male,Kolkata,Self-Employed,341214,3026030,Home Loan,537,19,13272.06,Excellent,Defaulted
CUST01558,58,Female,Jaipur,Freelancer,1120114,2443455,Personal Loan,670,2,101810.62,Delayed,Approved
CUST01262,50,Male,Kolkata,Business Owner,262507,2766826,Car Loan,534,11,20960.8,Excellent,Defaulted
CUST01203,45,Male,Hyderabad,Salaried,1486614,1467158,Personal Loan,845,1,122263.17,Good,Approved
CUST00559,34,Female,Jaipur,Freelancer,315359,4623957,Education Loan,715,17,22666.46,Missed,Defaulted
CUST00140,36,Female,Bangalore,Salaried,1244327,299265,Business Loan,536,9,2770.97,Missed,Defaulted
CUST01771,33,Female,Ahmedabad,Self-Employed,1724314,3124126,Business Loan,448,14,18595.99,Excellent,Defaulted
CUST00532,37,Female,Ahmedabad,Salaried,1978539,2319798,Car Loan,383,9,21479.61,Delayed,Defaulted
CUST00225,28,Male,Ahmedabad,Salaried,901692,1896357,Personal Loan,546,10,15802.98,Missed,Defaulted
CUST00724,55,Male,Bangalore,Business Owner,1940534,2981531,Home Loan,372,12,20705.08,Excellent,Defaulted
CUST00787,35,Female,Delhi,Freelancer,1616828,318508,Business Loan,374,19,1396.96,Excellent,Defaulted
CUST01877,35,Female,Ahmedabad,Salaried,683442,752214,Car Loan,447,19,3299.18,Good,Defaulted
CUST00326,39,Female,Chennai,Freelancer,1699698,1900924,Personal Loan,829,11,14400.94,Delayed,Approved
CUST01289,61,Female,Delhi,Salaried,623332,1460808,Business Loan,861,11,11066.73,Excellent,Approved
CUST00715,44,Female,Pune,Self-Employed,,362916,Education Loan,724,8,3780.38,Good,Rejected
CUST00847,58,Male,Ahmedabad,Business Owner,273869,3150618,Education Loan,400,16,16409.47,Missed,Defaulted
CUST00194,40,Male,Chennai,Self-Employed,893045,1584227,Business Loan,608,15,8801.26,Excellent,Rejected
CUST00574,28,Female,Delhi,Freelancer,650930,1752457,Education Loan,883,7,20862.58,Excellent,Approved
CUST00947,56,Male,Lucknow,Business Owner,528821,181936,Business Loan,370,5,3032.27,Delayed,Defaulted
CUST00504,45,Female,Bangalore,Self-Employed,863689,3019791,Car Loan,467,10,25164.92,Missed,Defaulted
CUST01336,47,Female,Ahmedabad,Freelancer,1497819,4502664,Personal Loan,643,15,25014.8,Delayed,Rejected
CUST01897,22,Male,Hyderabad,Self-Employed,888332,2463081,Car Loan,635,18,11403.15,Excellent,Rejected
CUST01824,49,Female,Jaipur,Salaried,1734263,4363696,Car Loan,321,3,121213.78,Delayed,Defaulted
CUST00004,64,Male,Chennai,Salaried,748884,345866,Personal Loan,608,15,1921.48,Delayed,Approved
CUST01362,58,Male,Lucknow,Salaried,1053900,4667752,Car Loan,774,6,64829.89,Delayed,Rejected
CUST00468,31,Male,Pune,Freelancer,1677852,1258468,Home Loan,785,1,104872.33,Excellent,Approved
CUST00006,42,Male,Hyderabad,Freelancer,1050538,4442541,Personal Loan,768,4,92552.94,Good,Rejected
CUST01402,35,Female,Pune,Freelancer,1850824,4218773,Personal Loan,509,1,351564.42,Delayed,Rejected
CUST00548,44,Male,Ahmedabad,Business Owner,1962999,4175903,Home Loan,416,17,20470.11,Excellent,Defaulted
CUST00229,60,Male,Jaipur,Self-Employed,1965524,1772199,Car Loan,467,14,10548.8,Excellent,Defaulted
CUST00543,60,Male,Hyderabad,Self-Employed,2438057,3936912,Car Loan,472,6,54679.33,Delayed,Defaulted
CUST00243,47,Female,Kolkata,Business Owner,635684,1833611,Home Loan,668,12,12733.41,Missed,Defaulted
CUST00899,59,Male,Hyderabad,Business Owner,1572070,2021277,Personal Loan,869,9,18715.53,Excellent,Approved
CUST01654,38,Female,Bangalore,Business Owner,683455,4203514,Personal Loan,344,11,31844.8,Missed,Defaulted
CUST01217,30,Female,Delhi,Freelancer,1469611,3501001,Education Loan,723,6,48625.01,Excellent,Approved
CUST01962,22,Male,Jaipur,Self-Employed,2162627,4993114,Home Loan,831,13,32007.14,Good,Approved
CUST00843,61,Female,Ahmedabad,Salaried,1359608,3946937,Education Loan,542,1,328911.42,Good,Rejected
CUST01447,45,Female,Hyderabad,Self-Employed,1361068,3422105,Car Loan,851,19,15009.23,Delayed,Approved
CUST01180,40,Female,Lucknow,Salaried,1037393,2624469,Business Loan,526,12,18225.48,Delayed,Rejected
CUST00809,23,Female,Delhi,Self-Employed,2120444,650198,Business Loan,487,14,3870.23,Delayed,Defaulted
CUST00662,39,Female,Bangalore,Self-Employed,2040914,2611913,Personal Loan,801,1,217659.42,Excellent,Approved
CUST01236,58,Female,Jaipur,Salaried,745096,141563,Education Loan,420,6,1966.15,Delayed,Defaulted
CUST00315,58,Male,Lucknow,Self-Employed,1800946,4122250,Personal Loan,518,17,20207.11,Excellent,Rejected
CUST00692,42,Female,Kolkata,Freelancer,508449,135166,Education Loan,755,9,1251.54,Excellent,Approved
CUST01724,53,Male,Chennai,Self-Employed,2379441,315039,Home Loan,704,13,2019.48,Good,Approved
CUST00425,26,Female,Ahmedabad,Salaried,2352299,2278531,Education Loan,893,7,27125.37,Good,Approved
CUST00595,22,Female,Hyderabad,Business Owner,1360248,4991714,Personal Loan,763,11,37816.02,Delayed,Rejected
CUST01316,38,Female,Mumbai,Freelancer,962371,878411,Personal Loan,811,16,4575.06,Good,Approved
CUST00623,33,Male,Hyderabad,Business Owner,475709,1870908,Education Loan,302,5,31181.8,Excellent,Defaulted
CUST01618,58,Female,Kolkata,Self-Employed,1759757,862744,Education Loan,385,4,17973.83,Missed,Defaulted
CUST01357,52,Female,Pune,Salaried,1901421,4906436,Home Loan,579,9,45429.96,Delayed,Rejected
CUST00228,61,Male,Pune,Salaried,1404680,1373173,Home Loan,666,1,114431.08,Excellent,Approved
CUST01234,55,Female,Bangalore,Self-Employed,543567,1143015,Personal Loan,536,9,10583.47,Excellent,Rejected
CUST01358,45,Male,Hyderabad,Business Owner,489220,1690027,Car Loan,417,3,46945.19,Good,Defaulted
CUST01221,47,Male,Bangalore,Freelancer,,2439127,Business Loan,587,15,13550.71,Excellent,Rejected
CUST00067,52,Male,Pune,Self-Employed,711083,2484138,Car Loan,525,2,103505.75,Excellent,Rejected
CUST00025,33,Female,Jaipur,Freelancer,898956,4186725,Education Loan,545,15,23259.58,Excellent,Rejected
CUST00145,53,Female,Chennai,Freelancer,868755,378821,Business Loan,443,16,1973.03,Missed,Defaulted
CUST00537,42,Female,Delhi,Self-Employed,273997,2648475,Business Loan,824,7,31529.46,Good,Defaulted
CUST00812,28,Female,Ahmedabad,Salaried,1864034,4744505,Personal Loan,411,16,24710.96,Excellent,Defaulted
CUST01145,53,Female,Bangalore,Self-Employed,2102912,2877364,Home Loan,714,19,12620.02,Missed,Defaulted
CUST00086,45,Female,Chennai,Salaried,1635177,2574055,Home Loan,509,1,214504.58,Good,Rejected
CUST01359,56,Male,Jaipur,Business Owner,,2876267,Home Loan,536,13,18437.61,Good,Rejected
CUST01209,38,Female,Kolkata,Self-Employed,2106862,4869291,Home Loan,517,5,81154.85,Excellent,Rejected
CUST01710,60,Female,Ahmedabad,Business Owner,2279610,523656,Education Loan,754,10,4363.8,Good,Approved
CUST01981,30,Male,Mumbai,,2046585,3321593,Home Loan,692,16,17299.96,Excellent,Approved
CUST01856,58,Male,Mumbai,Salaried,1038357,877150,Home Loan,622,16,4568.49,Missed,Defaulted
CUST01810,23,Male,Jaipur,Salaried,1053605,646682,Business Loan,629,13,4145.4,Excellent,Approved
CUST01170,35,Female,Hyderabad,Self-Employed,605453,305658,Home Loan,629,5,5094.3,Good,Rejected
CUST00363,36,Female,Delhi,Salaried,1818702,525278,Business Loan,557,1,43773.17,Good,Rejected
CUST01643,28,Female,Bangalore,Salaried,463031,2657421,Car Loan,322,19,11655.36,Good,Defaulted
CUST01178,42,Female,Mumbai,Salaried,778526,3485715,Business Loan,610,1,290476.25,Missed,Defaulted
CUST01027,31,Female,Delhi,Freelancer,2381906,3182293,Education Loan,820,7,37884.44,Missed,Defaulted
CUST01031,29,Male,Ahmedabad,Self-Employed,1905243,2652352,Business Loan,350,2,110514.67,Delayed,Defaulted
CUST01243,42,Female,Kolkata,Freelancer,1618412,1067497,Business Loan,719,10,8895.81,Excellent,Rejected
CUST01382,51,Female,Kolkata,Business Owner,1549590,676840,Business Loan,789,15,3760.22,Excellent,Approved
CUST01194,41,Female,Delhi,Freelancer,1362126,3673638,Personal Loan,888,8,38267.06,Delayed,Approved
CUST00666,47,Female,Delhi,Business Owner,1621174,1599317,Personal Loan,686,16,8329.78,Missed,Defaulted
CUST00365,55,Female,Lucknow,Salaried,1700071,429593,Business Loan,873,14,2557.1,Missed,Defaulted
CUST00078,46,Male,Jaipur,Freelancer,1406861,2348354,Personal Loan,438,10,19569.62,Good,Defaulted
CUST00028,48,Female,Hyderabad,Business Owner,,2976979,Car Loan,855,9,27564.62,Good,Approved
CUST01465,24,Female,Bangalore,Self-Employed,2396155,3465473,Home Loan,534,8,36098.68,Missed,Defaulted
CUST00526,30,Male,Chennai,Freelancer,1030051,3094287,Home Loan,738,15,17190.48,Excellent,Approved
CUST01873,27,Female,Pune,Salaried,794557,3552646,Car Loan,589,10,29605.38,Delayed,Rejected
CUST00056,23,Female,Ahmedabad,Business Owner,1975767,4866129,Personal Loan,531,9,45056.75,Good,Rejected
CUST00639,58,Male,Ahmedabad,Self-Employed,468854,3977352,Education Loan,637,17,19496.82,Delayed,Defaulted
CUST00303,54,Male,Chennai,Self-Employed,,1490351,Business Loan,874,5,24839.18,Excellent,Approved
CUST00719,35,Male,Lucknow,Freelancer,,3030342,Home Loan,458,11,22957.14,Excellent,Defaulted
CUST00625,53,Female,Ahmedabad,Business Owner,1077611,1767534,Business Loan,328,17,8664.38,,Defaulted
CUST00008,40,Male,Ahmedabad,Business Owner,259182,3485088,Home Loan,411,4,72606,Good,Defaulted
CUST00804,47,Female,Hyderabad,Salaried,2342052,4828972,Home Loan,575,19,21179.7,Excellent,Rejected
CUST01050,63,Male,Lucknow,Self-Employed,1739600,1266053,Education Loan,328,2,52752.21,Good,Defaulted
CUST00337,48,Female,Kolkata,Salaried,571931,1962493,Personal Loan,622,13,12580.08,Excellent,Approved
CUST00048,28,Male,Lucknow,Salaried,411830,3321557,Car Loan,582,2,138398.21,Excellent,Defaulted
CUST01511,46,Female,Lucknow,Salaried,2147238,3538882,Personal Loan,714,11,26809.71,Missed,Defaulted
CUST00107,44,Female,Mumbai,Business Owner,316492,1595491,Education Loan,407,9,14773.06,Good,Defaulted
CUST00350,56,Female,Chennai,Business Owner,1517630,2879045,Education Loan,500,17,14112.97,Excellent,Rejected
CUST01080,59,Female,Hyderabad,Business Owner,,2041161,Personal Loan,736,11,15463.34,Missed,Defaulted
CUST00239,63,Male,Delhi,Self-Employed,627387,3870671,Car Loan,763,17,18973.88,Missed,Defaulted
CUST00214,37,Male,Kolkata,Self-Employed,1041531,411309,Business Loan,860,16,2142.23,Missed,Defaulted
CUST01279,56,Male,Bangalore,Freelancer,1001625,1517217,Home Loan,513,15,8428.98,Good,Rejected
CUST01164,53,Male,Lucknow,Business Owner,1356083,2139706,Personal Loan,806,6,29718.14,Excellent,Approved
CUST00794,64,Female,Hyderabad,Self-Employed,2307037,2235454,Business Loan,338,15,12419.19,Delayed,Defaulted
CUST01097,43,Female,Chennai,Self-Employed,2157233,2139632,Home Loan,805,7,25471.81,Delayed,Rejected
CUST01205,31,Female,Mumbai,Freelancer,2276475,2722762,Education Loan,501,5,45379.37,Excellent,Rejected
CUST01755,39,Female,Mumbai,Freelancer,1987040,3769194,Education Loan,700,8,39262.44,Missed,Defaulted
CUST01614,49,Female,Bangalore,Freelancer,815937,3355107,Business Loan,617,18,15532.9,Good,Rejected
CUST01998,36,Male,Jaipur,Self-Employed,1333387,2927746,Education Loan,468,8,30497.35,Missed,Defaulted
CUST00524,40,Male,Ahmedabad,Salaried,1605568,1895964,Education Loan,666,18,8777.61,Missed,Defaulted
CUST00233,32,Male,Lucknow,Self-Employed,337478,750033,Car Loan,773,17,3676.63,Excellent,Approved
CUST00645,54,Female,Lucknow,Freelancer,1648763,409281,Home Loan,342,17,2006.28,Excellent,Defaulted
CUST01539,48,Female,Mumbai,Freelancer,902495,3982623,Car Loan,440,1,331885.25,Missed,Defaulted
CUST00534,56,Male,Ahmedabad,Business Owner,1614022,3489289,Business Loan,312,5,58154.82,Good,Defaulted
CUST01624,22,Male,Jaipur,Freelancer,2088755,4083123,Personal Loan,,12,28355.02,Excellent,Approved
CUST00604,42,Female,Hyderabad,Business Owner,1053695,1791888,Home Loan,,14,10666,Missed,Defaulted
CUST01235,38,Male,Delhi,Freelancer,491464,4520756,Personal Loan,325,3,125576.56,Delayed,Defaulted
CUST01075,62,Female,Pune,Salaried,1441968,851125,Home Loan,840,13,5455.93,Missed,Defaulted
CUST01331,31,Male,Jaipur,Business Owner,2254410,1857254,Home Loan,727,9,17196.8,Delayed,Approved
CUST00061,39,Male,Pune,Freelancer,1697618,2054517,Car Loan,531,5,34241.95,Good,Rejected
CUST01290,38,Female,Jaipur,Business Owner,492575,4231430,Home Loan,417,2,176309.58,Good,Defaulted
CUST00093,56,Male,Hyderabad,Freelancer,2195451,3974482,Home Loan,829,8,41400.85,Good,Approved
CUST00667,46,Male,Pune,Freelancer,1616207,4312511,Business Loan,688,2,179687.96,Excellent,Rejected
CUST00281,35,Male,Chennai,Self-Employed,1929057,607242,Business Loan,530,3,16867.83,Good,Rejected
CUST01139,31,Male,Bangalore,Self-Employed,713313,3632334,Car Loan,590,6,50449.08,Excellent,Rejected
CUST00360,35,Female,Bangalore,Business Owner,1181883,548512,Education Loan,628,9,5078.81,Missed,Defaulted
CUST01765,31,Female,Pune,Self-Employed,1647075,1463967,Business Loan,784,7,17428.18,Missed,Defaulted
CUST01838,35,Female,Kolkata,Freelancer,1652879,4851436,Car Loan,469,16,25267.9,Good,Defaulted
CUST00848,27,Male,Lucknow,Business Owner,2040418,2781303,Education Loan,813,14,16555.38,Missed,Defaulted
CUST01405,39,Male,Hyderabad,Self-Employed,,2194797,Business Loan,533,5,36579.95,Missed,Defaulted
CUST00111,61,Male,Kolkata,Freelancer,2432479,1000922,Personal Loan,557,4,20852.54,Delayed,Rejected
CUST00043,30,Male,Chennai,Business Owner,,3041620,Car Loan,338,16,15841.77,Good,Defaulted
CUST00126,30,Male,Mumbai,Business Owner,1480617,3488780,Business Loan,665,11,26430.15,Delayed,Rejected
CUST00205,26,Male,Jaipur,Business Owner,756110,4192887,Car Loan,635,16,21837.95,Missed,Defaulted
CUST00053,57,Female,Pune,Business Owner,721998,324535,Car Loan,324,3,9014.86,Missed,Defaulted
CUST00546,26,Male,Hyderabad,Business Owner,766088,1200997,Car Loan,816,11,9098.46,Good,Approved
CUST00069,29,Male,Pune,Business Owner,1212384,1899916,Home Loan,734,1,158326.33,Delayed,Rejected
CUST01162,45,Female,Bangalore,Self-Employed,567003,600428,Business Loan,683,2,25017.83,Excellent,Rejected
CUST01579,57,Male,Delhi,Freelancer,2268671,2550511,Personal Loan,807,16,13283.91,Delayed,Approved
CUST00184,58,Male,Hyderabad,Business Owner,2059234,2048173,Education Loan,606,17,10040.06,Missed,Defaulted
CUST00138,44,Female,Jaipur,Business Owner,2326453,312091,Business Loan,520,13,2000.58,Excellent,Rejected
CUST00900,58,Female,Lucknow,Salaried,1676402,994740,Home Loan,411,10,8289.5,Delayed,Defaulted
CUST00797,57,Male,Chennai,Salaried,1575807,615635,Home Loan,348,1,51302.92,Excellent,Defaulted
CUST00133,60,Male,Jaipur,Self-Employed,1390402,3417851,Business Loan,,13,21909.3,Excellent,Defaulted
CUST00081,36,Female,Kolkata,Self-Employed,2265153,669003,Personal Loan,517,2,27875.12,Good,Rejected
CUST01892,44,Male,Bangalore,Self-Employed,684273,3374714,Education Loan,610,19,14801.38,Missed,Defaulted
CUST01572,22,Female,Ahmedabad,Business Owner,660115,3151373,Education Loan,588,16,16413.4,Delayed,Rejected
CUST00542,63,Female,Mumbai,Business Owner,955678,986320,Business Loan,635,6,13698.89,Good,Approved
CUST01627,55,Female,Mumbai,Business Owner,1879328,499813,Home Loan,345,5,8330.22,Good,Defaulted
CUST00984,36,Female,Hyderabad,Freelancer,2412750,2416789,Car Loan,382,18,11188.84,Excellent,Defaulted
CUST00166,60,Female,Kolkata,,433782,489439,Personal Loan,889,2,20393.29,Delayed,Rejected
CUST00249,53,Female,Delhi,Freelancer,1872717,1521926,Education Loan,343,17,7460.42,Missed,Defaulted
CUST00447,25,Female,Bangalore,Self-Employed,945182,2066328,Car Loan,434,18,9566.33,Excellent,Defaulted
CUST01174,31,Female,Mumbai,Self-Employed,469160,801993,Car Loan,815,2,33416.38,Good,Approved
CUST00859,51,Male,Mumbai,Self-Employed,685757,4948107,Car Loan,893,19,21702.22,Excellent,Defaulted
CUST01284,30,Female,Hyderabad,Business Owner,,2113729,Education Loan,712,14,12581.72,Good,Rejected
CUST00098,60,Female,Pune,Business Owner,894892,4211603,Personal Loan,713,19,18471.94,Delayed,Rejected
CUST01150,24,Female,Pune,Business Owner,1884532,1663560,Car Loan,499,8,17328.75,Delayed,Defaulted
CUST00738,38,Female,Lucknow,Business Owner,2348091,4964150,Business Loan,428,8,51709.9,Good,Defaulted
CUST01282,64,Female,Ahmedabad,Salaried,538384,281414,Car Loan,803,5,4690.23,Delayed,Rejected
CUST00103,29,Female,Bangalore,,755655,1528081,Personal Loan,389,18,7074.45,Missed,Defaulted
CUST00435,58,Female,Bangalore,Freelancer,2414387,2071835,Business Loan,493,9,19183.66,Excellent,Defaulted
CUST00075,39,Male,Bangalore,Salaried,1340234,4093763,Home Loan,642,10,34114.69,Delayed,Approved
CUST01829,22,Female,Ahmedabad,,2192569,911501,Home Loan,475,3,25319.47,Missed,Defaulted
CUST01227,27,Male,Pune,Freelancer,1922907,3514524,Car Loan,558,13,22529,Good,Rejected
CUST00919,30,Female,Pune,Business Owner,1952374,4848757,Business Loan,328,8,50507.89,Good,Defaulted
CUST01746,44,Female,Delhi,Self-Employed,1008301,4804489,Car Loan,391,5,80074.82,Excellent,Defaulted
CUST01705,47,Male,Lucknow,Freelancer,2483785,2476062,Car Loan,643,14,14738.46,Excellent,Approved
CUST01652,35,Female,Pune,Business Owner,2116494,3529664,Car Loan,693,4,73534.67,Missed,Defaulted
CUST00763,61,Female,Bangalore,Freelancer,1717740,3059828,Education Loan,794,17,14999.16,Missed,Defaulted
CUST00990,57,Male,Delhi,Business Owner,1804642,1628458,Education Loan,827,8,16963.1,Delayed,Rejected
CUST00389,34,Male,Mumbai,Freelancer,1747261,3355610,Personal Loan,508,1,279634.17,Missed,Defaulted
CUST00236,44,Male,Lucknow,Freelancer,1827687,4647855,Business Loan,760,16,24207.58,Delayed,Approved
CUST01538,34,Male,Kolkata,Self-Employed,1645065,3770922,Personal Loan,429,13,24172.58,Excellent,Defaulted
CUST00268,56,Male,Pune,Business Owner,1570073,4822945,Car Loan,318,2,200956.04,Excellent,Defaulted
CUST01490,38,Female,Lucknow,Salaried,886268,3746944,Business Loan,601,13,24018.87,Missed,Defaulted
CUST00118,35,Male,Jaipur,Salaried,913936,2838107,Business Loan,487,17,13912.29,Delayed,Defaulted
CUST01638,38,Male,Delhi,Salaried,481696,1067375,Education Loan,,6,14824.65,Good,Defaulted
CUST00674,56,Male,Hyderabad,Freelancer,732726,595726,Home Loan,883,10,4964.38,Excellent,Approved
CUST00250,30,Female,Mumbai,Freelancer,755462,1502137,Education Loan,714,19,6588.32,Delayed,Rejected
CUST01482,47,Female,Mumbai,Freelancer,614170,4313272,Personal Loan,504,17,21143.49,Missed,Defaulted
CUST00574,28,Female,Delhi,Freelancer,650930,1752457,Education Loan,883,7,20862.58,Excellent,Approved
CUST00095,54,Male,Ahmedabad,Self-Employed,1544613,4997796,Personal Loan,411,14,29748.79,Good,Defaulted
CUST00034,58,Female,Chennai,Business Owner,1730814,1016649,Home Loan,541,7,12102.96,Missed,Defaulted
CUST01494,24,Male,Kolkata,Freelancer,472919,2353707,Personal Loan,532,8,24517.78,Missed,Defaulted
CUST01702,51,Female,Kolkata,Freelancer,1288963,431325,Education Loan,834,13,2764.9,Missed,Defaulted
CUST00449,45,Male,Kolkata,,1233316,320146,Car Loan,439,18,1482.16,Good,Defaulted
CUST00717,58,Female,Bangalore,Business Owner,323950,4284453,Home Loan,711,9,39670.86,Excellent,Defaulted
CUST01291,22,Female,Kolkata,Salaried,1659700,71650,Business Loan,782,15,398.06,Excellent,Approved
CUST01549,51,Male,Hyderabad,Salaried,1841232,454911,Car Loan,322,5,7581.85,Missed,Defaulted
CUST00001,60,Male,Bangalore,Freelancer,2286213,4698455,Car Loan,740,14,27966.99,Delayed,Rejected
CUST01403,51,Male,Mumbai,Salaried,2119396,850607,Business Loan,340,14,5063.14,Good,Defaulted
CUST01102,38,Male,Lucknow,Self-Employed,1130370,3605971,Personal Loan,514,6,50082.93,Good,Rejected
CUST01109,28,Female,Pune,Business Owner,1649087,3527794,Business Loan,646,11,26725.71,Missed,Defaulted
CUST01252,31,Female,Chennai,Business Owner,1558311,470888,Personal Loan,637,7,5605.81,Missed,Defaulted
CUST00083,46,Female,Bangalore,Salaried,1777222,556453,Car Loan,460,10,4637.11,Excellent,Defaulted
CUST01315,42,Male,Jaipur,Business Owner,1176089,395430,Home Loan,542,11,2995.68,Excellent,Rejected
CUST00677,27,Male,Delhi,Freelancer,1304002,540999,Personal Loan,422,9,5009.25,Excellent,Defaulted
CUST01800,54,Male,Delhi,,2042360,2073553,Car Loan,311,18,9599.78,Excellent,Defaulted
CUST01047,26,Female,Ahmedabad,Salaried,1818963,2500700,Car Loan,428,4,52097.92,Delayed,Defaulted
CUST00771,53,Female,Delhi,Freelancer,1589330,3249039,Business Loan,757,7,38679.04,Delayed,Rejected
CUST01241,63,Female,Ahmedabad,Salaried,538540,1740992,Personal Loan,572,5,29016.53,Good,Rejected
CUST01776,41,Male,Bangalore,Freelancer,898876,3272018,Car Loan,819,4,68167.04,Excellent,Approved
CUST01612,24,Female,Ahmedabad,Salaried,325355,1540309,Education Loan,481,16,8022.44,Missed,Defaulted
CUST01520,44,Male,Hyderabad,Business Owner,245475,728066,Car Loan,402,6,10112.03,Missed,Defaulted
CUST00405,53,Male,Bangalore,Freelancer,1428337,2126775,Personal Loan,395,12,14769.27,Missed,Defaulted
CUST01870,50,Female,Mumbai,Salaried,1187797,274062,Personal Loan,432,16,1427.41,Good,Defaulted
CUST01325,33,Female,Hyderabad,Salaried,2435883,3451447,Car Loan,536,9,31957.84,Delayed,Rejected
CUST01367,60,Male,Kolkata,Self-Employed,948778,1728332,Home Loan,585,10,14402.77,Delayed,Rejected
CUST00105,55,Male,Mumbai,Salaried,2365160,2449146,Personal Loan,554,10,20409.55,Missed,Defaulted
CUST00689,31,Female,Mumbai,Self-Employed,1406123,4472888,Personal Loan,657,13,28672.36,Excellent,Rejected
CUST01332,37,Male,Lucknow,Business Owner,1093388,4901039,Personal Loan,457,8,51052.49,Good,Defaulted
CUST00827,43,Male,Hyderabad,Freelancer,1756396,1467231,Education Loan,367,14,8733.52,Delayed,Defaulted
CUST00063,55,Male,Ahmedabad,Salaried,434386,3682403,Personal Loan,512,17,18051,Delayed,Defaulted
CUST00853,54,Female,Delhi,Salaried,1528263,3067193,Personal Loan,794,9,28399.94,,Defaulted
CUST01380,63,Female,Kolkata,Freelancer,2229144,437773,Home Loan,352,11,3316.46,Delayed,Defaulted
CUST00224,53,Male,Hyderabad,Freelancer,1691633,881257,Car Loan,771,2,36719.04,Good,Approved
CUST00146,28,Female,Chennai,Salaried,1107669,709987,Home Loan,488,2,29582.79,Good,Defaulted
CUST01089,45,Male,Ahmedabad,Business Owner,2183691,4524024,Home Loan,678,3,125667.33,Delayed,Approved
CUST00374,27,Female,Pune,Business Owner,1950740,4712315,Education Loan,723,15,26179.53,Good,Rejected
CUST01449,53,Female,Ahmedabad,Business Owner,953494,1080451,Home Loan,597,19,4738.82,Excellent,Rejected
CUST01143,44,Male,Bangalore,Self-Employed,1272358,4885925,Business Loan,686,19,21429.5,Delayed,Rejected
CUST01865,23,Female,Jaipur,Freelancer,,425233,Business Loan,671,8,4429.51,Excellent,Approved
CUST01526,60,Male,Chennai,Salaried,1802970,2242710,Education Loan,539,18,10382.92,Delayed,Rejected
CUST01633,36,Male,Chennai,Self-Employed,292036,2131280,Business Loan,592,16,11100.42,Missed,Defaulted
CUST01388,56,Male,Bangalore,Salaried,1669793,921905,Home Loan,666,13,5909.65,Excellent,Approved
CUST00010,32,Male,Jaipur,Salaried,1901667,3673425,Business Loan,776,12,25509.9,Excellent,Approved
CUST00450,37,Female,Kolkata,Freelancer,824771,4351828,Business Loan,432,8,45331.54,Excellent,Defaulted
CUST00709,33,Female,Jaipur,Freelancer,2484139,4205304,Personal Loan,891,12,29203.5,Missed,Defaulted
CUST00256,41,Male,Bangalore,Business Owner,263037,1607009,Education Loan,464,1,133917.42,Excellent,Defaulted
CUST00883,36,Male,Bangalore,Business Owner,,2198185,Education Loan,689,1,183182.08,Missed,Defaulted
CUST00390,63,Female,Delhi,Self-Employed,1066183,503222,Car Loan,634,17,2466.77,Missed,Defaulted
CUST00909,26,Female,Jaipur,Self-Employed,306022,3070791,Personal Loan,673,9,28433.25,Good,Defaulted
CUST00925,59,Female,Jaipur,Business Owner,1561303,2021140,Education Loan,729,19,8864.65,Missed,Defaulted
CUST01738,47,Male,Delhi,Business Owner,2420182,653151,Personal Loan,464,17,3201.72,Excellent,Defaulted
CUST01794,33,Male,Ahmedabad,Freelancer,2475419,3345784,Business Loan,683,11,25346.85,,Rejected
CUST00461,64,Male,Hyderabad,Business Owner,2127205,696275,Car Loan,626,3,19340.97,Delayed,Rejected
CUST01491,61,Female,Hyderabad,Freelancer,1001955,3934175,Business Loan,691,4,81961.98,Excellent,Approved
CUST01735,25,Female,Delhi,Business Owner,996883,482941,Personal Loan,658,4,10061.27,Good,Approved
CUST01169,42,Female,Kolkata,Business Owner,2008286,664673,Education Loan,468,12,4615.78,Missed,Defaulted
CUST00959,61,Female,Hyderabad,Self-Employed,445404,4657765,Car Loan,783,16,24259.19,Delayed,Defaulted
CUST00502,60,Female,Kolkata,Self-Employed,704409,185370,Personal Loan,558,13,1188.27,Missed,Defaulted
CUST00740,50,Female,Hyderabad,Self-Employed,2438673,959210,Home Loan,725,2,39967.08,Excellent,Rejected
CUST01889,44,Male,Pune,Self-Employed,1809184,323541,Home Loan,591,17,1585.99,Excellent,Rejected
CUST00869,57,Female,Jaipur,Salaried,1842892,4278456,Education Loan,405,18,19807.67,Excellent,Defaulted
CUST00732,59,Female,Chennai,Salaried,,3007498,Education Loan,853,13,19278.83,Delayed,Rejected
CUST00540,37,Female,Chennai,Business Owner,2198671,4991412,Business Loan,356,13,31996.23,Excellent,Defaulted
CUST01202,43,Male,Pune,Freelancer,2329593,168542,Personal Loan,625,15,936.34,Delayed,Approved
CUST00698,22,Male,Delhi,Freelancer,1339929,4407356,Business Loan,747,14,26234.26,Missed,Defaulted
CUST01421,32,Female,Chennai,Self-Employed,679083,2655327,Business Loan,321,17,13016.31,Excellent,Defaulted
CUST01404,25,Male,Pune,Freelancer,1271177,1834094,Business Loan,,4,38210.29,,Defaulted
CUST01146,28,Female,Delhi,Salaried,854224,3404513,Car Loan,368,1,283709.42,Delayed,Defaulted
CUST01032,44,Male,Mumbai,Business Owner,280388,1581817,Personal Loan,485,14,9415.58,,Defaulted
CUST00373,63,Female,Mumbai,Freelancer,2168541,2297680,Home Loan,847,14,13676.67,Excellent,Approved
CUST00668,43,Female,Hyderabad,Freelancer,778688,938698,Education Loan,517,1,78224.83,Missed,Defaulted
CUST01557,51,Female,Hyderabad,Business Owner,635928,4736270,Car Loan,598,11,35880.83,Delayed,Defaulted
CUST00358,29,Female,Chennai,Business Owner,1258079,2329023,Home Loan,341,3,64695.08,Missed,Defaulted
CUST00968,36,Male,Bangalore,Freelancer,2174847,4841882,Personal Loan,790,9,44832.24,Excellent,Approved
CUST00784,33,Male,Kolkata,Salaried,363834,376284,Education Loan,782,15,2090.47,Good,Approved
CUST00736,51,Male,Jaipur,Self-Employed,2088806,2032539,Car Loan,836,19,8914.64,Good,Approved
CUST01036,47,Female,Kolkata,Self-Employed,1235354,4590334,Home Loan,731,3,127509.28,Delayed,Rejected
CUST00971,38,Male,Pune,Salaried,711603,3246247,Home Loan,841,13,20809.28,Good,Rejected
CUST01556,36,Female,Bangalore,Freelancer,2269694,221277,Personal Loan,688,2,9219.88,Good,Rejected
CUST01518,64,Female,Hyderabad,Self-Employed,,927751,Car Loan,392,18,4295.14,Delayed,Defaulted
CUST01555,49,Male,Ahmedabad,Salaried,984192,4187075,Education Loan,662,17,20524.88,Missed,Defaulted
CUST01377,63,Male,Hyderabad,Freelancer,538365,1419971,Personal Loan,775,16,7395.68,Excellent,Approved
CUST01522,31,Male,Hyderabad,Salaried,1299577,1675199,Personal Loan,306,12,11633.33,Excellent,Defaulted
CUST01674,32,Female,Hyderabad,Business Owner,1713083,4934299,Personal Loan,382,1,411191.58,Good,Defaulted
CUST01253,38,Female,Kolkata,Self-Employed,1835125,1413133,Personal Loan,336,17,6927.12,Delayed,Defaulted
CUST01728,29,Female,Mumbai,Freelancer,,4340730,Home Loan,596,3,120575.83,Good,Rejected
CUST01750,40,Male,Pune,Salaried,312935,3266662,Business Loan,632,3,90740.61,Excellent,Defaulted
CUST01237,46,Female,Delhi,Business Owner,318581,2898768,Car Loan,805,6,40260.67,Delayed,Defaulted
CUST00886,47,Male,Mumbai,Salaried,2431984,3396145,Education Loan,559,1,283012.08,Good,Rejected
CUST00080,50,Female,Lucknow,Business Owner,942296,1243982,Home Loan,485,18,5759.18,Missed,Defaulted
CUST01173,28,Male,Bangalore,Freelancer,379838,804085,Car Loan,445,9,7445.23,Missed,Defaulted
CUST00815,64,Male,Mumbai,Salaried,512023,3774476,Business Loan,738,4,78634.92,Missed,Defaulted
CUST01700,62,Male,Lucknow,Self-Employed,251707,3379782,Education Loan,519,18,15647.14,Excellent,Defaulted
CUST00672,55,Female,Mumbai,Self-Employed,594341,2281946,Business Loan,535,15,12677.48,Good,Rejected
CUST01563,53,Female,Pune,Salaried,2173343,2972321,Business Loan,878,15,16512.89,Good,Approved
CUST00058,63,Male,Pune,Business Owner,1500035,967472,Home Loan,776,8,10077.83,Good,Approved
CUST00134,53,Female,Hyderabad,Self-Employed,2003919,1593812,Home Loan,876,2,66408.83,Excellent,Approved
CUST01141,55,Male,Mumbai,Salaried,2421005,1068454,Personal Loan,560,13,6849.06,Excellent,Rejected
CUST00934,33,Female,Chennai,Freelancer,760315,1838220,Education Loan,471,3,51061.67,Excellent,Defaulted
CUST01719,30,Female,Hyderabad,Self-Employed,464237,1468767,Education Loan,328,15,8159.82,Missed,Defaulted
CUST00824,60,Male,Pune,Freelancer,2124914,937099,Personal Loan,656,3,26030.53,Excellent,Approved
CUST01215,46,Male,Jaipur,Freelancer,1175776,3280786,Car Loan,,10,27339.88,Delayed,Rejected
CUST00505,44,Male,Lucknow,Business Owner,2463089,4082516,Home Loan,609,3,113403.22,Missed,Defaulted
CUST01812,26,Male,Delhi,Business Owner,1515823,2960744,Education Loan,753,10,24672.87,Delayed,Rejected
CUST00348,63,Female,Mumbai,Freelancer,1701352,132806,Car Loan,796,18,614.84,Excellent,Approved
CUST00387,61,Female,Kolkata,Business Owner,1611220,2723705,Home Loan,643,1,226975.42,Excellent,Rejected
CUST01025,41,Female,Ahmedabad,Salaried,377912,406778,Personal Loan,800,18,1883.23,Good,Approved
CUST00895,33,Male,Ahmedabad,Salaried,210651,1817413,Business Loan,401,10,15145.11,,Defaulted
CUST00829,46,Male,Pune,Self-Employed,1641985,457974,Business Loan,480,14,2726.04,Excellent,Defaulted
CUST01933,54,Female,Lucknow,Salaried,725005,166220,Personal Loan,864,7,1978.81,Delayed,Approved
CUST00476,44,Female,Lucknow,Self-Employed,1096816,2251340,Education Loan,656,15,12507.44,Missed,Defaulted
CUST01573,43,Female,Delhi,Business Owner,242291,2850174,Home Loan,636,4,59378.62,,Defaulted
CUST01476,55,Female,Chennai,Freelancer,1531420,3341987,Home Loan,460,19,14657.84,Excellent,Defaulted
CUST01425,28,Male,Pune,Business Owner,268323,640611,Home Loan,731,14,3813.16,Delayed,Rejected
CUST00653,39,Female,Ahmedabad,Salaried,571616,3983817,Education Loan,880,11,30180.43,Delayed,Defaulted
CUST00173,63,Female,Ahmedabad,Salaried,957771,4964082,Home Loan,867,2,206836.75,Missed,Defaulted
CUST01150,24,Female,Pune,Business Owner,1884532,1663560,Car Loan,499,8,17328.75,Delayed,Defaulted
CUST00039,39,Female,Chennai,Business Owner,736437,1477989,Education Loan,547,5,24633.15,Good,Rejected
CUST00714,38,Female,Ahmedabad,Freelancer,1902159,1210714,Education Loan,706,17,5934.87,Excellent,Approved
CUST00091,38,Male,Jaipur,Salaried,393510,1706042,Education Loan,439,15,9478.01,Missed,Defaulted
CUST01977,29,Female,Delhi,Business Owner,445144,225037,Car Loan,846,1,18753.08,Missed,Defaulted
CUST01206,51,Male,Mumbai,Salaried,2341912,1693906,Business Loan,643,3,47052.94,Good,Rejected
CUST00876,32,Female,Hyderabad,Self-Employed,1781074,371898,Home Loan,399,4,7747.88,Good,Defaulted
CUST01553,53,Male,Hyderabad,Freelancer,2439332,1787075,Home Loan,330,17,8760.17,Missed,Defaulted
CUST01930,23,Male,Delhi,Self-Employed,2060971,3490227,Car Loan,860,10,29085.22,Missed,Defaulted
CUST01094,54,Male,Bangalore,Freelancer,2026525,4650549,Education Loan,728,15,25836.38,Delayed,Approved
CUST01156,54,Male,Pune,Self-Employed,762621,3245741,Personal Loan,631,11,24588.95,Missed,Defaulted
CUST01964,28,Male,Pune,,1665915,3754425,Education Loan,662,8,39108.59,Excellent,Approved
CUST01999,64,Female,Chennai,Salaried,1438697,3846234,Business Loan,361,17,18854.09,Delayed,Defaulted
CUST00500,57,Male,Jaipur,Business Owner,841147,3068439,Home Loan,451,4,63925.81,Excellent,Defaulted
CUST00339,23,Male,Kolkata,Freelancer,2445854,2239063,Personal Loan,536,11,16962.6,Delayed,Rejected
CUST01189,63,Female,Delhi,Freelancer,1616842,4613167,Home Loan,485,6,64071.76,Good,Defaulted
CUST00029,63,Male,Kolkata,Business Owner,954950,2564399,Home Loan,674,2,106849.96,Good,Rejected
CUST01218,43,Male,Ahmedabad,Business Owner,1604355,3466403,Education Loan,823,8,36108.36,Delayed,Approved
CUST01352,39,Male,Delhi,Self-Employed,1951498,2842537,Car Loan,415,15,15791.87,Missed,Defaulted
CUST01859,58,Male,Mumbai,Self-Employed,1079854,92137,Home Loan,437,16,479.88,Missed,Defaulted
CUST00946,51,Female,Lucknow,Self-Employed,2296952,2519930,Home Loan,585,3,69998.06,Good,Rejected
CUST00170,30,Female,Mumbai,Business Owner,926331,1944554,Personal Loan,480,18,9002.56,Good,Defaulted
CUST01433,47,Female,Bangalore,Salaried,1740724,3684183,Business Loan,535,15,20467.68,Good,Rejected
CUST01198,51,Female,Hyderabad,Freelancer,1767343,952473,Education Loan,829,17,4668.99,Missed,Defaulted
CUST01254,47,Male,Jaipur,Self-Employed,516480,240285,Education Loan,436,19,1053.88,Good,Defaulted
CUST01762,62,Female,Lucknow,Salaried,1053329,3821460,Home Loan,305,12,26537.92,Missed,Defaulted
CUST00913,34,Male,Kolkata,Freelancer,670529,392221,Car Loan,331,16,2042.82,Delayed,Defaulted
CUST00492,42,Male,Pune,Self-Employed,2330939,904741,Education Loan,899,19,3968.16,Good,Approved
CUST00954,25,Female,Pune,Business Owner,2126711,1554900,Education Loan,425,2,64787.5,Missed,Defaulted
CUST01098,47,Male,Hyderabad,Business Owner,472647,1890875,Home Loan,375,18,8754.05,Delayed,Defaulted
CUST01033,47,Female,Bangalore,Business Owner,439779,2065074,Business Loan,333,3,57363.17,Good,Defaulted
CUST00588,34,Female,Pune,Freelancer,1457669,3749243,Car Loan,386,10,31243.69,Excellent,Defaulted
CUST00751,23,Male,Chennai,Business Owner,1784973,4982048,Business Loan,301,14,29655.05,Good,Defaulted
CUST00658,51,Male,Ahmedabad,Business Owner,1116383,4337382,Home Loan,714,5,72289.7,Excellent,Rejected
CUST00235,46,Male,Delhi,Self-Employed,1819715,184445,Car Loan,666,15,1024.69,Excellent,Rejected
CUST00733,54,Male,Hyderabad,Self-Employed,1434915,1619720,Home Loan,341,19,7104.04,Good,Defaulted
CUST00559,34,Female,Jaipur,Freelancer,315359,4623957,Education Loan,715,17,22666.46,Missed,Defaulted
CUST01718,27,Male,Kolkata,Freelancer,801160,1211140,Home Loan,495,19,5312.02,Good,Defaulted
CUST01157,49,Female,Bangalore,Self-Employed,813859,2548714,Home Loan,850,8,26549.1,Good,Rejected
CUST01997,57,Female,Lucknow,Business Owner,1173737,1168844,Car Loan,586,13,7492.59,Good,Rejected
CUST01453,46,Male,Mumbai,Salaried,1339904,2310791,Car Loan,718,17,11327.41,Good,Rejected
CUST01659,43,Female,Bangalore,Business Owner,1824777,3491558,Car Loan,476,17,17115.48,Excellent,Defaulted
CUST00935,56,Female,Jaipur,Freelancer,2471073,4061718,Education Loan,875,19,17814.55,Delayed,Approved
CUST01210,38,Male,Bangalore,Business Owner,1596436,140140,Business Loan,744,7,1668.33,Delayed,Approved
CUST01066,44,Male,Jaipur,Salaried,1362189,208477,Education Loan,,6,2895.51,Delayed,Rejected
CUST00109,58,Female,Mumbai,Freelancer,1186753,4983842,Home Loan,,19,21858.96,Delayed,Rejected
CUST01574,47,Male,Ahmedabad,Business Owner,628276,923420,Education Loan,503,16,4809.48,Delayed,Rejected
CUST00569,40,Female,Ahmedabad,Self-Employed,1662436,2418756,Personal Loan,369,14,14397.36,Missed,Defaulted
CUST01168,58,Male,Bangalore,Freelancer,536907,447172,Home Loan,507,16,2329.02,Good,Rejected
CUST01175,28,Female,Lucknow,Self-Employed,641904,775571,Business Loan,389,12,5385.91,Excellent,Defaulted
CUST00891,40,Female,Hyderabad,Salaried,1286787,529809,Home Loan,374,18,2452.82,Excellent,Defaulted
CUST00948,42,Female,Mumbai,Salaried,2380707,2029746,Car Loan,753,7,24163.64,Excellent,Approved
CUST01049,29,Female,Mumbai,Self-Employed,1409337,4068293,Car Loan,874,9,37669.38,Missed,Defaulted
CUST01379,56,Female,Pune,Freelancer,1778315,1662119,Personal Loan,761,6,23084.99,Good,Approved
CUST01645,50,Male,Mumbai,Business Owner,842927,972401,Education Loan,417,4,20258.35,Delayed,Defaulted
CUST01475,32,Male,Chennai,Salaried,1743276,3002053,Personal Loan,572,16,15635.69,Missed,Defaulted
CUST00885,29,Female,Jaipur,,2287342,552264,Personal Loan,634,7,6574.57,Excellent,Approved
CUST01707,60,Female,Hyderabad,Self-Employed,1034874,655751,Education Loan,652,1,54645.92,Delayed,Rejected
CUST00851,27,Male,Bangalore,Freelancer,402416,1400850,Business Loan,358,10,11673.75,Excellent,Defaulted
CUST00735,36,Female,Chennai,Salaried,1665744,1985657,Car Loan,357,9,18385.71,Excellent,Defaulted
CUST00718,42,Male,Kolkata,,529638,398844,Business Loan,731,13,2556.69,Missed,Defaulted
CUST00455,41,Male,Lucknow,Salaried,1970485,4522089,Education Loan,885,13,28987.75,Excellent,Approved
CUST00265,41,Male,Delhi,Self-Employed,1738112,4199287,Home Loan,361,12,29161.72,Excellent,Defaulted
CUST00076,45,Male,Mumbai,Business Owner,2355145,4713754,Personal Loan,735,2,196406.42,Excellent,Approved
CUST01691,41,Female,Bangalore,Self-Employed,937090,4978476,Home Loan,,17,24404.29,Excellent,Defaulted
CUST00445,22,Female,Chennai,Business Owner,1940687,4861671,Business Loan,516,18,22507.74,Missed,Defaulted
CUST00396,47,Female,Lucknow,Self-Employed,1306581,2643157,Personal Loan,510,19,11592.79,Missed,Defaulted
CUST00177,53,Female,Delhi,,2243037,761943,Home Loan,606,18,3527.51,Delayed,Approved
CUST01043,64,Female,Chennai,Self-Employed,2323238,782722,Personal Loan,759,9,7247.43,Delayed,Approved
CUST01772,51,Female,Hyderabad,Salaried,,2669222,Business Loan,345,11,20221.38,Missed,Defaulted
CUST01430,31,Male,Hyderabad,Salaried,307096,3725049,Education Loan,666,19,16337.93,Good,Defaulted
CUST01542,61,Female,Chennai,Self-Employed,1738814,1380728,Personal Loan,583,8,14382.58,Good,Rejected
CUST01408,22,Male,Ahmedabad,Business Owner,1198555,3712097,Home Loan,338,6,51556.9,Good,Defaulted
CUST00596,24,Male,Hyderabad,,530817,4393699,Education Loan,674,11,33285.6,Good,Defaulted
CUST00062,47,Male,Jaipur,Salaried,2460134,2112362,Education Loan,588,6,29338.36,Excellent,Rejected
CUST01297,60,Male,Ahmedabad,Salaried,1819471,256251,Personal Loan,594,13,1642.63,Good,Rejected
CUST00873,23,Male,Chennai,Self-Employed,908140,2318693,Education Loan,368,17,11366.14,Delayed,Defaulted
CUST01784,57,Male,Ahmedabad,Salaried,1392503,2150326,Education Loan,897,2,89596.92,Excellent,Approved
CUST01919,25,Male,Jaipur,Self-Employed,1148202,2633273,Education Loan,684,19,11549.44,Missed,Defaulted
CUST00279,25,Female,Delhi,Self-Employed,2031094,514310,Business Loan,341,15,2857.28,Good,Defaulted
CUST00037,30,Female,Chennai,Salaried,355683,1914071,Personal Loan,565,13,12269.69,Delayed,Rejected
CUST01547,27,Male,Pune,Freelancer,2047305,3474638,Home Loan,439,4,72388.29,Delayed,Defaulted
CUST00663,53,Male,Hyderabad,Salaried,2160584,1869231,Car Loan,384,16,9735.58,Excellent,Defaulted
CUST01845,62,Female,Ahmedabad,Business Owner,1070946,444768,Business Loan,724,5,7412.8,Delayed,Rejected
CUST01473,46,Male,Lucknow,Salaried,1125779,2410901,Home Loan,845,2,100454.21,Excellent,Approved
CUST00978,27,Female,Hyderabad,Business Owner,845194,3353481,Business Loan,574,6,46576.12,Good,Rejected
CUST01603,50,Female,Pune,Freelancer,1568722,2811642,Business Loan,701,10,23430.35,,Rejected
CUST00739,26,Female,Lucknow,Business Owner,1960462,1759813,Home Loan,898,18,8147.28,Excellent,Approved
CUST00192,54,Male,Pune,Business Owner,1278560,3701361,Education Loan,820,11,28040.61,Missed,Defaulted
CUST00920,38,Female,Mumbai,Self-Employed,420972,3925010,Home Loan,773,10,32708.42,Delayed,Defaulted
CUST00457,33,Male,Kolkata,Business Owner,747993,318449,Home Loan,407,7,3791.06,Good,Defaulted
CUST00676,42,Male,Kolkata,Business Owner,996184,492244,Home Loan,570,14,2930.02,Excellent,Rejected
CUST00761,29,Male,Pune,Freelancer,1141768,2251580,Business Loan,777,9,20847.96,Excellent,Approved
CUST01946,59,Male,Bangalore,Freelancer,1366670,4481407,Personal Loan,763,8,46681.32,Delayed,Rejected
CUST01742,35,Female,Hyderabad,Freelancer,516462,4550328,Business Loan,426,13,29168.77,Delayed,Defaulted
CUST00729,36,Male,Kolkata,Freelancer,2175608,403039,Education Loan,519,17,1975.68,Delayed,Rejected
CUST01400,51,Male,Ahmedabad,Salaried,812181,483797,Personal Loan,603,15,2687.76,,Approved
CUST00413,50,Female,Delhi,Salaried,1315488,1995537,Business Loan,778,6,27715.79,Excellent,Approved
CUST01099,49,Female,Jaipur,Business Owner,2381913,4849412,Education Loan,530,11,36737.97,Missed,Defaulted
CUST00826,60,Male,Jaipur,Salaried,753091,4195295,Personal Loan,655,19,18400.42,Good,Rejected
CUST01656,57,Male,Ahmedabad,Freelancer,747219,4695289,Home Loan,518,16,24454.63,Missed,Defaulted
CUST00617,52,Male,Kolkata,Salaried,,4904491,Business Loan,446,1,408707.58,,Defaulted
CUST00115,22,Male,Bangalore,Freelancer,2108802,1167374,Education Loan,315,15,6485.41,Excellent,Defaulted
CUST00418,58,Female,Ahmedabad,Self-Employed,1385574,3424659,Car Loan,810,10,28538.82,Excellent,Approved
CUST01951,34,Male,Jaipur,Freelancer,644972,2731478,Education Loan,510,5,45524.63,Delayed,Rejected
CUST00970,46,Female,Ahmedabad,,1642721,1045893,Personal Loan,680,12,7263.15,Good,Approved
CUST00605,37,Male,Bangalore,Business Owner,390706,3296434,Home Loan,725,15,18313.52,Excellent,Defaulted
CUST01959,46,Male,Pune,Salaried,245095,2193385,Personal Loan,680,13,14060.16,Good,Defaulted
CUST00090,32,Male,Ahmedabad,Freelancer,1042186,1605811,Education Loan,609,13,10293.66,Delayed,Approved
CUST00849,47,Male,Bangalore,Freelancer,1069807,96250,Car Loan,475,1,8020.83,Good,Defaulted
CUST01551,31,Male,Jaipur,Self-Employed,451514,3369343,Business Loan,632,2,140389.29,Good,Defaulted
CUST01958,28,Male,Hyderabad,Self-Employed,2188415,3521888,Car Loan,627,5,58698.13,Delayed,Rejected
CUST00754,64,Female,Delhi,Freelancer,663001,361385,Education Loan,402,11,2737.77,Missed,Defaulted
CUST00499,56,Female,Bangalore,Self-Employed,1765070,4540224,Home Loan,815,17,22256,Good,Approved
CUST01277,41,Male,Mumbai,Freelancer,1179114,2609244,Personal Loan,543,4,54359.25,Missed,Defaulted
CUST01326,36,Female,Delhi,Salaried,964265,2700196,Car Loan,698,7,32145.19,Excellent,Approved
CUST00012,45,Male,Kolkata,Self-Employed,1023346,2196674,Home Loan,552,19,9634.54,Delayed,Rejected
CUST00397,58,Female,Lucknow,Freelancer,,2847909,Home Loan,664,13,18255.83,Excellent,Rejected
CUST00285,28,Female,Kolkata,Freelancer,1675153,4148535,Personal Loan,657,18,19206.18,Good,Rejected
CUST01067,22,Male,Chennai,Freelancer,1736081,2445682,Education Loan,853,19,10726.68,Excellent,Approved
CUST01192,44,Female,Pune,Self-Employed,1647585,4316399,Education Loan,658,15,23979.99,Good,Approved
CUST01781,45,Female,Delhi,Business Owner,1136800,3506000,Business Loan,652,9,32462.96,Good,Rejected
CUST00691,38,Male,Delhi,Business Owner,1985559,1770444,Car Loan,516,3,49179,Delayed,Rejected
CUST01663,32,Male,Chennai,,2097883,2576915,Home Loan,788,7,30677.56,Missed,Defaulted
CUST01916,48,Male,Bangalore,Salaried,1895994,4101939,Business Loan,715,7,48832.61,Delayed,Approved
CUST00690,40,Male,Pune,Business Owner,1816596,3614360,Personal Loan,473,11,27381.52,Delayed,Defaulted
CUST00852,58,Male,Hyderabad,Self-Employed,1569277,525147,Car Loan,398,10,4376.23,Good,Defaulted
CUST00160,54,Male,Hyderabad,Salaried,589954,571244,Education Loan,496,6,7933.94,Good,Defaulted
CUST00896,22,Female,Mumbai,Business Owner,1065363,4388586,Business Loan,728,9,40635.06,Good,Rejected
CUST01607,35,Female,Hyderabad,Business Owner,463625,742353,Home Loan,726,19,3255.93,Missed,Defaulted
CUST00258,54,Male,Bangalore,Self-Employed,404366,3807454,Education Loan,336,15,21152.52,Missed,Defaulted
CUST00336,23,Female,Pune,Salaried,239279,4330428,Car Loan,851,9,40096.56,Excellent,Defaulted
CUST01920,54,Female,Mumbai,Freelancer,866015,3148056,Personal Loan,355,19,13807.26,Excellent,Defaulted
CUST01040,46,Female,Kolkata,Freelancer,988140,2124520,Home Loan,509,10,17704.33,Missed,Defaulted
CUST00516,41,Male,Bangalore,Freelancer,2077971,2564368,Home Loan,654,3,71232.44,Missed,Defaulted
CUST01349,51,Male,Hyderabad,Salaried,324932,4279228,Personal Loan,662,15,23773.49,Delayed,Defaulted
CUST01016,23,Female,Pune,Freelancer,762060,1709090,Personal Loan,545,12,11868.68,Good,Rejected
CUST00769,48,Female,Bangalore,Salaried,2129848,2814717,Education Loan,835,3,78186.58,Delayed,Approved
CUST01783,62,Male,Lucknow,Self-Employed,2121672,2313557,Home Loan,378,1,192796.42,Good,Defaulted
CUST00762,25,Female,Pune,Salaried,2040083,1544139,Personal Loan,404,18,7148.79,Good,Defaulted
CUST01247,48,Male,Bangalore,Self-Employed,1370694,304371,Education Loan,408,5,5072.85,Excellent,Defaulted
CUST01204,38,Female,Delhi,Self-Employed,955612,1885932,Personal Loan,895,16,9822.56,Excellent,Approved
CUST01507,54,Female,Jaipur,Business Owner,411509,4507910,Car Loan,355,5,75131.83,Good,Defaulted
CUST00882,23,Female,Mumbai,Salaried,2275915,2168219,Business Loan,,2,90342.46,Delayed,Defaulted
CUST00522,33,Male,Pune,Self-Employed,1777969,316150,Car Loan,773,8,3293.23,Delayed,Approved
CUST00023,42,Female,Pune,Self-Employed,2309441,4833725,Car Loan,721,7,57544.35,Delayed,Approved
CUST00357,22,Male,Hyderabad,Salaried,1318095,2504698,Home Loan,853,9,23191.65,Good,Approved
CUST01278,40,Female,Chennai,Freelancer,2251259,881635,Personal Loan,,6,12244.93,Delayed,Rejected
CUST01313,29,Female,Lucknow,Freelancer,827835,2885623,Personal Loan,718,9,26718.73,Missed,Defaulted
CUST01717,24,Female,Pune,Business Owner,1052050,3775530,Personal Loan,845,16,19664.22,Good,Rejected
CUST00341,38,Male,Delhi,Salaried,1502887,2869182,Car Loan,735,18,13283.25,Good,Rejected
CUST00432,57,Female,Mumbai,Self-Employed,2453722,2898439,Car Loan,708,12,20128.05,Good,Rejected
CUST00474,23,Female,Jaipur,Freelancer,1443294,930096,Home Loan,377,19,4079.37,Good,Defaulted
CUST00218,57,Female,Lucknow,Self-Employed,671082,2642806,Education Loan,431,7,31461.98,Delayed,Defaulted
CUST00912,23,Female,Mumbai,Business Owner,2095066,1236837,Home Loan,533,7,14724.25,Good,Rejected
CUST01228,39,Female,Hyderabad,Freelancer,680808,1164100,Car Loan,402,1,97008.33,Excellent,Defaulted
CUST01628,56,Female,Pune,Self-Employed,331184,3896300,Personal Loan,491,5,64938.33,Delayed,Defaulted
CUST01012,26,Male,Chennai,Self-Employed,593574,2203548,Personal Loan,745,5,36725.8,Excellent,Approved
CUST01990,47,Female,Hyderabad,Salaried,2243321,4604770,Business Loan,580,13,29517.76,Delayed,Rejected
CUST00094,56,Male,Ahmedabad,Salaried,1693293,3282452,Home Loan,356,10,27353.77,Good,Defaulted
CUST01009,36,Male,Delhi,Salaried,1436530,591529,Education Loan,515,16,3080.88,Delayed,Rejected
CUST01071,30,Female,Pune,Salaried,1399151,1396652,Car Loan,514,16,7274.23,Good,Rejected
CUST01093,45,Female,Chennai,Self-Employed,1990008,1098966,Personal Loan,839,3,30526.83,Good,Approved
CUST01617,37,Male,Kolkata,Salaried,2209606,4847927,Education Loan,395,9,44888.21,Good,Defaulted
CUST01309,33,Male,Delhi,Business Owner,,1767787,Home Loan,368,10,14731.56,Missed,Defaulted
CUST00697,25,Female,Kolkata,Salaried,629332,347883,Personal Loan,670,5,5798.05,Missed,Defaulted
CUST01831,33,Female,Chennai,Salaried,1189336,4525715,Car Loan,545,12,31428.58,Excellent,Rejected
CUST00997,25,Female,Hyderabad,Self-Employed,,3071786,Business Loan,833,7,36568.88,Missed,Defaulted
CUST01459,32,Male,Bangalore,Salaried,589770,2846749,Personal Loan,580,5,47445.82,Good,Rejected
CUST00154,41,Male,Pune,Self-Employed,2182243,1517172,Business Loan,652,4,31607.75,Excellent,Approved
CUST01100,42,Female,Mumbai,Freelancer,1678768,2418417,Business Loan,547,11,18321.34,Missed,Defaulted
CUST01753,50,Female,Delhi,Salaried,2350205,2503894,Car Loan,765,1,208657.83,Delayed,Approved
CUST00057,27,Female,Jaipur,Business Owner,1282660,4181146,Education Loan,642,10,34842.88,Excellent,Approved
CUST00790,30,Female,Lucknow,Business Owner,485711,4421272,Business Loan,596,17,21672.9,Excellent,Defaulted
CUST00581,60,Female,Bangalore,,888725,735503,Home Loan,673,1,61291.92,Delayed,Approved
CUST01471,36,Male,Mumbai,Business Owner,1974029,1980873,Business Loan,518,9,18341.42,Excellent,Rejected
CUST00704,29,Male,Bangalore,Freelancer,1424744,4141373,Car Loan,,4,86278.6,Delayed,Rejected
CUST01213,61,Male,Kolkata,Business Owner,1788236,1497307,Business Loan,891,13,9598.12,Good,Approved
CUST01296,46,Female,Bangalore,Salaried,1647947,2389189,Business Loan,374,7,28442.73,Delayed,Defaulted
CUST01700,62,Male,Lucknow,Self-Employed,251707,3379782,Education Loan,519,18,15647.14,Excellent,Defaulted
CUST01261,47,Female,Mumbai,Freelancer,1217481,4638599,Business Loan,352,11,35140.9,Missed,Defaulted
CUST00488,32,Female,Lucknow,Self-Employed,381360,2533502,Car Loan,675,11,19193.2,Missed,Defaulted
CUST00560,61,Female,Mumbai,Self-Employed,2214410,2350269,Personal Loan,831,14,13989.7,Delayed,Approved
CUST01142,54,Male,Mumbai,Salaried,1087516,3928551,Car Loan,504,13,25183.02,Delayed,Rejected
CUST01120,51,Female,Jaipur,Salaried,1006242,4907018,Business Loan,301,1,408918.17,Excellent,Defaulted
CUST00802,43,Male,Lucknow,Self-Employed,1720943,633510,Car Loan,301,3,17597.5,Good,Defaulted
CUST00513,62,Male,Bangalore,Freelancer,2380521,3605912,Home Loan,561,1,300492.67,,Rejected
CUST00634,57,Female,Jaipur,Salaried,1428807,3100999,Education Loan,,1,258416.58,Excellent,Defaulted
CUST01510,64,Female,Lucknow,Freelancer,1767399,3506537,Education Loan,479,6,48701.9,Missed,Defaulted
CUST01825,23,Male,Ahmedabad,Freelancer,1907542,4904487,Home Loan,899,10,40870.72,Excellent,Approved
CUST01577,50,Female,Lucknow,Salaried,2322827,2385071,Car Loan,435,6,33125.99,Excellent,Defaulted
CUST01151,45,Female,Kolkata,Freelancer,654418,2343673,Home Loan,515,6,32551.01,Good,Rejected
CUST00791,47,Male,Bangalore,Salaried,1283868,4979426,Home Loan,477,12,34579.35,Delayed,Defaulted
CUST00117,58,Female,Chennai,Salaried,693948,2348756,Education Loan,553,7,27961.38,Delayed,Rejected
CUST01498,48,Male,Chennai,Freelancer,1930992,4352096,Business Loan,516,12,30222.89,Excellent,Rejected
CUST00741,25,Female,Mumbai,Freelancer,1823154,2002026,Education Loan,424,18,9268.64,Delayed,Defaulted
CUST00731,55,Female,Bangalore,Business Owner,643316,2340146,Personal Loan,688,3,65004.06,Excellent,Approved
CUST01082,28,Male,Mumbai,Salaried,381948,1360015,Personal Loan,801,4,28333.65,Missed,Defaulted
CUST00831,34,Male,Hyderabad,Salaried,479713,4377552,Business Loan,733,14,26056.86,Excellent,Defaulted
CUST00120,22,Female,Pune,Salaried,980641,4651731,Business Loan,843,19,20402.33,Good,Rejected
CUST00657,31,Female,Ahmedabad,Self-Employed,2068388,2412460,Business Loan,488,18,11168.8,Excellent,Defaulted
CUST01948,27,Female,Lucknow,Self-Employed,1325424,2236394,Education Loan,670,16,11647.89,Missed,Defaulted
CUST00636,29,Male,Chennai,Self-Employed,1169211,3101622,Personal Loan,365,10,25846.85,Delayed,Defaulted
CUST00370,46,Female,Jaipur,Business Owner,2073722,2964611,Education Loan,672,15,16470.06,Missed,Defaulted
CUST00269,46,Female,Jaipur,Freelancer,1885996,755356,Personal Loan,664,1,62946.33,Delayed,Approved
CUST00656,23,Female,Bangalore,Self-Employed,1968967,626515,Business Loan,529,17,3071.15,Delayed,Rejected
CUST00936,56,Female,Kolkata,Freelancer,2135135,4063582,Home Loan,330,18,18812.88,Excellent,Defaulted
CUST00823,31,Female,Ahmedabad,Business Owner,288668,4900825,Business Loan,671,15,27226.81,Missed,Defaulted
CUST00867,61,Male,Bangalore,Salaried,1055080,1468060,Car Loan,636,7,17476.9,Delayed,Rejected
CUST00047,49,Female,Chennai,Self-Employed,1194170,2494975,Business Loan,597,17,12230.27,Good,Rejected
CUST01374,39,Male,Delhi,Self-Employed,1307810,4114610,Home Loan,306,19,18046.54,Good,Defaulted
CUST01743,32,Male,Hyderabad,Self-Employed,1089855,4358307,Personal Loan,492,15,24212.82,Missed,Defaulted
CUST00992,59,Male,Pune,Self-Employed,,319515,Business Loan,823,18,1479.24,Good,Approved
CUST00877,25,Male,Delhi,Salaried,2015111,735338,Personal Loan,308,2,30639.08,Good,Defaulted
CUST00774,26,Male,Delhi,Salaried,,2368620,Business Loan,839,12,16448.75,Excellent,Approved
CUST01220,25,Male,Chennai,Self-Employed,1061789,3671420,Home Loan,527,12,25495.97,Good,Rejected
CUST01729,49,Male,Mumbai,Freelancer,2034907,3096672,Home Loan,809,10,25805.6,Excellent,Approved
CUST00005,29,Male,Chennai,Freelancer,2199254,847057,Car Loan,821,8,8823.51,Excellent,Approved
CUST01004,59,Male,Chennai,Salaried,333004,563066,Car Loan,721,14,3351.58,Excellent,Rejected
CUST01759,43,Female,Pune,Business Owner,758685,1672563,Education Loan,452,8,17422.53,Missed,Defaulted
CUST00264,61,Male,Kolkata,Freelancer,860902,3689688,Home Loan,505,14,21962.43,Excellent,Rejected
CUST01601,36,Male,Pune,Self-Employed,1610023,1379785,Business Loan,695,16,7186.38,Excellent,Rejected
CUST01869,47,Male,Pune,Freelancer,,2007792,Personal Loan,342,14,11951.14,Missed,Defaulted
CUST00444,53,Female,Ahmedabad,Business Owner,482017,2476105,Business Loan,387,17,12137.77,Delayed,Defaulted
CUST01003,54,Male,Jaipur,Business Owner,202352,1553061,Personal Loan,850,7,18488.82,Excellent,Defaulted
CUST01078,47,Female,Pune,Salaried,1813374,2743695,Car Loan,633,14,16331.52,Missed,Defaulted
CUST00838,39,Female,Delhi,Business Owner,2284504,1110560,Car Loan,338,12,7712.22,Good,Defaulted
CUST01828,26,Female,Delhi,Freelancer,1374846,3430575,Personal Loan,350,18,15882.29,Good,Defaulted
CUST00305,40,Male,Lucknow,Self-Employed,1638454,789574,Education Loan,783,5,13159.57,Good,Approved
CUST01366,44,Female,Delhi,Salaried,1117996,2067528,Car Loan,653,3,57431.33,Missed,Defaulted
CUST01589,32,Female,Bangalore,Salaried,1743586,1414359,Home Loan,507,12,9821.94,Good,Rejected
CUST00314,62,Male,Pune,Self-Employed,2360682,669696,Car Loan,370,19,2937.26,Excellent,Defaulted
CUST00150,63,Male,Pune,Self-Employed,577844,970759,Car Loan,708,9,8988.51,Missed,Defaulted
CUST01149,22,Female,Delhi,,2201676,3176813,Car Loan,460,2,132367.21,Excellent,Defaulted
CUST01214,23,Male,Pune,Business Owner,1016228,3796962,Car Loan,306,13,24339.5,Good,Defaulted
CUST00575,46,Male,Chennai,Freelancer,1598616,1221248,Education Loan,348,4,25442.67,Missed,Defaulted
CUST00051,35,Female,Chennai,Freelancer,1992725,2499308,Business Loan,479,11,18934.15,Good,Defaulted
CUST01584,32,Female,Kolkata,Salaried,2427039,4399025,Personal Loan,776,11,33325.95,Delayed,Rejected
CUST00727,39,Female,Kolkata,,312782,3518282,Home Loan,515,10,29319.02,Delayed,Defaulted
CUST00834,25,Male,Pune,Business Owner,2097832,2521321,Car Loan,365,1,210110.08,Missed,Defaulted
CUST01378,23,Male,Jaipur,Business Owner,1075512,4841164,Personal Loan,810,11,36675.48,Good,Rejected
CUST01116,53,Male,Bangalore,Self-Employed,,956395,Personal Loan,642,16,4981.22,Good,Approved
CUST01167,25,Male,Lucknow,Self-Employed,1479180,2939190,Car Loan,513,14,17495.18,Excellent,Rejected
CUST00471,34,Female,Delhi,Salaried,498871,1033667,Home Loan,478,2,43069.46,Delayed,Defaulted
CUST00972,54,Male,Kolkata,Business Owner,815863,1889050,Car Loan,563,8,19677.6,Delayed,Rejected
CUST00654,26,Male,Mumbai,Freelancer,2160155,3556172,Car Loan,557,18,16463.76,Missed,Defaulted
CUST00400,30,Male,Pune,Self-Employed,1952844,2685122,Business Loan,732,10,22376.02,Good,Approved
CUST00512,56,Female,Jaipur,Salaried,2227410,4748981,Education Loan,440,18,21986.02,Missed,Defaulted
CUST00321,42,Male,Lucknow,Business Owner,1821219,2381348,Education Loan,671,9,22049.52,Excellent,Rejected
CUST00020,51,Female,Pune,Self-Employed,344539,1907596,Education Loan,434,7,22709.48,Delayed,Defaulted
CUST00685,44,Male,Chennai,Self-Employed,1410578,1677650,Car Loan,448,11,12709.47,Good,Defaulted
CUST00036,42,Male,Jaipur,Self-Employed,2083376,3080555,Personal Loan,862,1,256712.92,Delayed,Rejected
CUST00903,34,Female,Chennai,Salaried,1061069,4494041,Home Loan,761,18,20805.75,Missed,Defaulted
CUST01816,60,Male,Pune,Self-Employed,837787,4919236,Home Loan,322,12,34161.36,Excellent,Defaulted
CUST00828,47,Female,Bangalore,Business Owner,470914,1581181,Business Loan,591,17,7750.89,Excellent,Rejected
CUST01835,32,Female,Jaipur,Business Owner,1834925,4295871,Personal Loan,601,14,25570.66,Excellent,Rejected
CUST00408,22,Male,Ahmedabad,Salaried,1830668,4515669,Business Loan,326,18,20905.88,Excellent,Defaulted
CUST00921,30,Male,Kolkata,Freelancer,,4826415,Personal Loan,552,5,80440.25,Missed,Defaulted
CUST00538,57,Male,Lucknow,Freelancer,2445239,689872,Home Loan,419,2,28744.67,Excellent,Defaulted
CUST00759,32,Female,Jaipur,Salaried,439017,2262809,Education Loan,508,11,17142.49,Delayed,Rejected
CUST01945,25,Male,Bangalore,Freelancer,1455715,3527983,Home Loan,306,3,97999.53,Excellent,Defaulted
CUST01063,42,Female,Bangalore,Business Owner,760881,3855721,Personal Loan,473,5,64262.02,Excellent,Defaulted
CUST01200,55,Male,Chennai,Salaried,1640434,2224758,Home Loan,316,19,9757.71,Excellent,Defaulted
CUST00246,33,Male,Pune,Salaried,689626,1511312,Business Loan,887,16,7871.42,Delayed,Approved
CUST01417,64,Female,Lucknow,Freelancer,351094,945596,Personal Loan,583,9,8755.52,Good,Rejected
CUST01128,49,Male,Lucknow,Business Owner,1725842,2359608,Personal Loan,616,19,10349.16,Missed,Defaulted
CUST00785,47,Female,Kolkata,Salaried,1429787,1880314,Home Loan,696,5,31338.57,Excellent,Rejected
CUST01779,49,Female,Mumbai,Business Owner,1483440,2960086,Home Loan,772,19,12982.83,Missed,Defaulted
CUST00490,57,Male,Delhi,Business Owner,1491210,1701348,Car Loan,437,19,7462.05,Missed,Defaulted
CUST00155,51,Male,Kolkata,Self-Employed,1892128,1908997,Personal Loan,820,3,53027.69,Missed,Defaulted
CUST00962,61,Female,Chennai,Business Owner,988443,283979,Personal Loan,653,16,1479.06,Excellent,Approved
CUST00854,43,Male,Lucknow,Business Owner,949971,3935850,Car Loan,813,13,25229.81,Delayed,Rejected
CUST01312,40,Male,Kolkata,Salaried,1806734,2817257,Car Loan,670,8,29346.43,Delayed,Approved
CUST00626,37,Female,Ahmedabad,Freelancer,643945,161362,Education Loan,671,16,840.43,Missed,Defaulted
CUST00686,58,Female,Jaipur,Business Owner,2196170,106635,Business Loan,737,16,555.39,Excellent,Rejected
CUST01593,55,Female,Kolkata,Business Owner,1861655,4503325,Personal Loan,465,4,93819.27,Missed,Defaulted
CUST00570,29,Female,Hyderabad,Self-Employed,451924,4867911,Home Loan,465,15,27043.95,Good,Defaulted
CUST01949,55,Female,Jaipur,Salaried,1416593,1097146,Personal Loan,848,9,10158.76,Excellent,Approved
CUST00018,23,Male,Hyderabad,Business Owner,948013,234514,Car Loan,,10,1954.28,Missed,Defaulted
CUST00128,36,Female,Jaipur,Freelancer,2422134,4788202,Home Loan,661,19,21000.89,Missed,Defaulted
CUST01347,39,Female,Bangalore,Freelancer,2316142,2123946,Business Loan,855,3,58998.5,Delayed,Approved
CUST01280,64,Female,Hyderabad,Freelancer,1662099,2794686,Personal Loan,465,1,232890.5,Missed,Defaulted
CUST01132,22,Female,Ahmedabad,Self-Employed,387771,1237018,Education Loan,325,9,11453.87,Delayed,Defaulted
CUST00928,52,Male,Ahmedabad,Business Owner,1397162,4174390,Personal Loan,440,9,38651.76,Delayed,Defaulted
CUST00981,28,Male,Delhi,Salaried,1451775,3290641,Personal Loan,851,16,17138.76,Excellent,Approved
CUST01211,35,Female,Kolkata,Freelancer,867540,1565554,Personal Loan,521,14,9318.77,Delayed,Rejected
CUST00191,53,Female,Bangalore,Freelancer,1123160,691593,Home Loan,400,5,11526.55,Delayed,Defaulted
CUST01140,40,Male,Pune,Business Owner,2445846,623881,Education Loan,631,2,25995.04,Delayed,Rejected
CUST00993,54,Female,Kolkata,Salaried,2172424,1670179,Home Loan,371,18,7732.31,Good,Defaulted
CUST01996,36,Female,Delhi,Self-Employed,2153341,2700503,Home Loan,881,8,28130.24,Good,Approved
CUST01690,49,Female,Ahmedabad,Business Owner,2185313,1533702,Personal Loan,508,18,7100.47,Missed,Defaulted
CUST00607,32,Female,Chennai,Freelancer,997232,4616156,Personal Loan,864,4,96169.92,Missed,Defaulted
CUST00181,60,Female,Chennai,Business Owner,493894,3201478,Home Loan,520,3,88929.94,Missed,Defaulted
CUST00302,49,Male,Hyderabad,Salaried,752959,2417893,Business Loan,,15,13432.74,Delayed,Defaulted
CUST00497,45,Female,Bangalore,Self-Employed,2425198,191449,Personal Loan,835,4,3988.52,Good,Approved
CUST01730,41,Male,Delhi,Business Owner,333498,1110538,Personal Loan,872,15,6169.66,Good,Approved
CUST01744,39,Male,Ahmedabad,Self-Employed,1614718,4494910,Personal Loan,829,5,74915.17,Good,Approved
CUST01695,53,Male,Kolkata,Self-Employed,2309512,3354860,Home Loan,628,16,17473.23,Missed,Defaulted
CUST01670,39,Male,Delhi,Self-Employed,850443,2446629,Personal Loan,893,19,10730.83,Delayed,Rejected
CUST00518,43,Male,Pune,Freelancer,1536921,2259821,Home Loan,479,9,20924.27,Good,Defaulted
CUST00632,29,Female,Pune,Self-Employed,1474634,2412854,Personal Loan,320,5,40214.23,Delayed,Defaulted
CUST01070,42,Male,Kolkata,Self-Employed,1431619,3738173,Personal Loan,363,10,31151.44,Excellent,Defaulted
CUST00477,38,Female,Kolkata,Business Owner,643031,2764766,Education Loan,715,6,38399.53,Delayed,Rejected
CUST00158,46,Male,Chennai,Salaried,2065690,1479290,Home Loan,611,11,11206.74,Good,Approved
CUST01244,48,Female,Bangalore,Business Owner,1830369,3909949,Car Loan,741,13,25063.78,Missed,Defaulted
CUST01196,58,Female,Ahmedabad,Freelancer,2388370,137593,Business Loan,745,11,1042.37,Delayed,Approved
CUST00017,43,Female,Chennai,Self-Employed,905475,1725502,Personal Loan,777,18,7988.44,Good,Approved
CUST01536,23,Male,Kolkata,Salaried,1620858,2919530,Car Loan,644,19,12804.96,Delayed,Approved
CUST01073,31,Female,Jaipur,Self-Employed,2117043,2030407,Business Loan,842,15,11280.04,Excellent,Approved
CUST01469,63,Female,Mumbai,Salaried,828889,1621480,Car Loan,435,2,67561.67,Excellent,Defaulted
CUST00547,56,Female,Bangalore,Freelancer,1344620,3433973,Business Loan,822,5,57232.88,Missed,Defaulted
CUST01540,62,Male,Lucknow,Freelancer,1613562,1173270,Car Loan,714,19,5145.92,Good,Rejected
CUST00659,26,Male,Mumbai,Freelancer,479215,2100053,Home Loan,309,14,12500.32,Delayed,Defaulted
CUST01657,30,Male,Pune,Freelancer,2386268,2193184,Home Loan,742,19,9619.23,Good,Rejected
CUST01020,57,Male,Hyderabad,Self-Employed,,1285382,Home Loan,862,1,107115.17,Missed,Defaulted
CUST01756,27,Male,Mumbai,Business Owner,,3333737,Business Loan,738,17,16341.85,Excellent,Defaulted
CUST01505,61,Female,Delhi,Freelancer,,3914860,Car Loan,659,14,23302.74,Excellent,Approved
CUST00960,29,Male,Chennai,Self-Employed,1551099,1133329,Personal Loan,749,4,23611.02,Good,Approved
CUST01922,40,Male,Kolkata,Business Owner,1115480,763806,Car Loan,405,19,3350.03,Good,Defaulted
CUST00284,29,Female,Bangalore,Self-Employed,425019,4353677,Home Loan,821,4,90701.6,,Defaulted
CUST00798,22,Female,Bangalore,Self-Employed,622381,577409,Business Loan,837,3,16039.14,Excellent,Approved
CUST01658,59,Female,Chennai,Freelancer,451671,554910,Personal Loan,614,2,23121.25,Good,Rejected
CUST00226,62,Male,Ahmedabad,Freelancer,1733854,1929262,Education Loan,,13,12367.06,Excellent,Approved
CUST00027,46,Male,Mumbai,Freelancer,286365,2139934,Education Loan,385,10,17832.78,Delayed,Defaulted
CUST01808,35,Female,Pune,Salaried,2310413,98639,Home Loan,502,18,456.66,Excellent,Rejected
CUST00438,26,Female,Bangalore,Freelancer,1267609,3581674,Education Loan,458,13,22959.45,Good,Defaulted
CUST01989,50,Male,Mumbai,Freelancer,758981,4639764,Business Loan,535,19,20349.84,Delayed,Defaulted
CUST01389,60,Male,Hyderabad,Self-Employed,496208,193704,Education Loan,549,11,1467.45,Delayed,Rejected
CUST00230,39,Female,Kolkata,Self-Employed,1450632,2749134,Education Loan,859,16,14318.41,Missed,Defaulted
CUST00038,60,Male,Ahmedabad,Self-Employed,832259,4772340,Car Loan,419,1,397695,Good,Defaulted
CUST00750,27,Female,Mumbai,Freelancer,1221469,4683662,Personal Loan,898,16,24394.07,Missed,Defaulted
CUST01046,25,Male,Hyderabad,Salaried,594423,1084104,Home Loan,751,17,5314.24,Excellent,Approved
CUST01399,22,Female,Mumbai,Business Owner,1088403,1336188,Home Loan,820,18,6186.06,Missed,Defaulted
CUST00470,50,Female,Ahmedabad,Freelancer,686275,3791104,Personal Loan,613,1,315925.33,Excellent,Rejected
CUST01727,29,Male,Chennai,Business Owner,1561236,2251279,Education Loan,528,1,187606.58,Good,Rejected
CUST00448,37,Female,Bangalore,Self-Employed,616978,4482787,Home Loan,650,7,53366.51,Good,Defaulted
CUST00688,31,Female,Mumbai,Salaried,,2393136,Car Loan,389,17,11731.06,Missed,Defaulted
CUST01882,64,Male,Chennai,Salaried,693814,2811856,Personal Loan,623,16,14645.08,Excellent,Rejected
CUST00640,62,Female,Hyderabad,Self-Employed,614600,2383647,Personal Loan,422,19,10454.59,Excellent,Defaulted
CUST01747,33,Female,Bangalore,Business Owner,1482116,736290,Education Loan,438,5,12271.5,Good,Defaulted
CUST01219,64,Male,Lucknow,Salaried,1883886,1848594,Home Loan,320,4,38512.38,Good,Defaulted
CUST01159,55,Female,Kolkata,Business Owner,1798099,476888,Home Loan,471,11,3612.79,Delayed,Defaulted
CUST01416,58,Male,Kolkata,Salaried,1857153,3948888,Education Loan,446,10,32907.4,Missed,Defaulted
CUST01528,39,Female,Lucknow,Freelancer,417583,1059260,Business Loan,531,19,4645.88,Missed,Defaulted
CUST01822,38,Male,Mumbai,Business Owner,852416,160957,Business Loan,689,16,838.32,Missed,Defaulted
CUST01301,51,Male,Ahmedabad,Self-Employed,876296,1466693,Business Loan,510,9,13580.49,Missed,Defaulted
CUST01861,36,Female,Lucknow,Self-Employed,363187,188925,Business Loan,356,16,983.98,Good,Defaulted
CUST00801,36,Female,Kolkata,Freelancer,905860,337635,Personal Loan,,3,9378.75,Delayed,Approved
CUST01604,32,Male,Mumbai,Business Owner,497675,4333664,Education Loan,523,17,21243.45,Excellent,Defaulted
CUST00161,22,Male,Delhi,Freelancer,2335219,1449769,Personal Loan,781,12,10067.84,Good,Approved
CUST00957,46,Female,Pune,Business Owner,1726318,4654229,Education Loan,497,1,387852.42,Missed,Defaulted
CUST01187,41,Male,Bangalore,Self-Employed,280811,471773,Car Loan,,14,2808.17,Missed,Defaulted
CUST00822,49,Female,Bangalore,Business Owner,1750184,4491971,Car Loan,408,9,41592.32,Excellent,Defaulted
CUST01786,57,Female,Ahmedabad,Salaried,1247380,347542,Car Loan,857,9,3217.98,Missed,Defaulted
CUST00878,36,Male,Lucknow,Salaried,1851143,3552415,Home Loan,873,5,59206.92,Good,Approved
CUST00914,61,Male,Mumbai,Freelancer,361445,2485919,Car Loan,588,19,10903.15,Excellent,Defaulted
CUST00153,49,Female,Delhi,Self-Employed,318413,2263697,Education Loan,555,10,18864.14,Delayed,Defaulted
CUST01875,26,Male,Lucknow,Salaried,1599757,4200579,Education Loan,766,12,29170.69,Good,Approved
CUST01814,62,Male,Chennai,Salaried,1873200,4426751,Car Loan,515,15,24593.06,Good,Rejected
CUST00510,44,Female,Jaipur,,1726322,1643786,Personal Loan,760,8,17122.77,Good,Approved
CUST01136,24,Female,Chennai,Self-Employed,2474316,1194337,Business Loan,312,10,9952.81,,Defaulted
CUST01251,28,Male,Chennai,Self-Employed,2093291,1212180,Personal Loan,587,3,33671.67,Good,Rejected
CUST01698,54,Male,Hyderabad,Salaried,1770234,711440,Home Loan,746,3,19762.22,Excellent,Approved
CUST00104,33,Male,Jaipur,Business Owner,603322,1620889,Car Loan,549,18,7504.12,Missed,Defaulted
CUST01446,38,Male,Chennai,Business Owner,1928665,4785524,Business Loan,809,5,79758.73,Good,Approved
CUST01444,56,Male,Mumbai,Business Owner,906673,1111516,Personal Loan,799,4,23156.58,Delayed,Approved
CUST01775,45,Female,Kolkata,Business Owner,282409,2472952,Business Loan,712,9,22897.7,Missed,Defaulted
CUST00587,24,Female,Lucknow,Business Owner,245232,441180,Personal Loan,381,11,3342.27,Missed,Defaulted
CUST01806,44,Male,Lucknow,Freelancer,493851,1237030,Education Loan,356,8,12885.73,Delayed,Defaulted
CUST01144,49,Male,Lucknow,Business Owner,2063462,3351394,Personal Loan,,18,15515.71,Excellent,Approved
CUST00054,61,Female,Hyderabad,Self-Employed,2007992,3298204,Business Loan,356,17,16167.67,Good,Defaulted
CUST00152,49,Male,Kolkata,Self-Employed,734003,3298140,Education Loan,656,9,30538.33,Excellent,Rejected
CUST00404,55,Male,Jaipur,Self-Employed,1928794,3516689,Education Loan,678,17,17238.67,Excellent,Approved
CUST01983,42,Male,Chennai,Salaried,1106450,1746609,Business Loan,,1,145550.75,Excellent,Approved
CUST00208,43,Female,Bangalore,Business Owner,207967,3888187,Personal Loan,812,13,24924.28,Delayed,Defaulted
CUST01935,46,Female,Jaipur,Salaried,2269441,399317,Home Loan,467,7,4753.77,Good,Defaulted
CUST01683,62,Male,Delhi,Business Owner,1360117,4047936,Personal Loan,428,7,48189.71,Missed,Defaulted
CUST01123,40,Male,Ahmedabad,Freelancer,2014188,2357600,Education Loan,357,14,14033.33,Excellent,Defaulted
CUST01787,23,Male,Bangalore,Freelancer,1087553,2576297,Business Loan,412,7,30670.2,Delayed,Defaulted
CUST00009,44,Female,Mumbai,Salaried,1566808,2986537,Personal Loan,307,16,15554.88,Delayed,Defaulted
CUST01015,33,Male,Kolkata,Self-Employed,2454103,456547,Personal Loan,449,5,7609.12,Excellent,Defaulted
CUST01834,52,Male,Mumbai,Salaried,1166020,466561,Education Loan,615,9,4320.01,Excellent,Approved
CUST01061,22,Female,Hyderabad,Self-Employed,,2449771,Personal Loan,438,7,29163.94,Delayed,Defaulted
CUST00453,53,Female,Chennai,Self-Employed,742601,4358080,Personal Loan,679,10,36317.33,Excellent,Rejected
CUST01676,54,Female,Lucknow,Salaried,1598949,1679618,Personal Loan,561,11,12724.38,Missed,Defaulted
CUST00254,37,Female,Hyderabad,Business Owner,2490870,1753820,Home Loan,450,18,8119.54,Good,Defaulted
CUST01328,62,Female,Mumbai,Business Owner,2410840,3750357,Home Loan,779,8,39066.22,Good,Approved
CUST00897,47,Female,Pune,Salaried,637625,2623697,Business Loan,554,3,72880.47,Excellent,Rejected
CUST01770,28,Male,Kolkata,Freelancer,2036022,1732978,Business Loan,527,7,20630.69,Good,Rejected
CUST00881,59,Female,Jaipur,Business Owner,1749420,4882577,Education Loan,761,6,67813.57,Good,Approved
CUST01596,38,Male,Bangalore,Freelancer,2484408,4702124,Business Loan,743,19,20623.35,Missed,Defaulted
CUST01929,49,Male,Bangalore,Freelancer,1537768,403791,Home Loan,409,5,6729.85,Delayed,Defaulted
CUST00624,31,Male,Pune,Business Owner,374023,4904977,Business Loan,363,9,45416.45,Excellent,Defaulted
CUST00346,60,Male,Bangalore,Freelancer,2479203,3529000,Business Loan,670,11,26734.85,Excellent,Rejected
CUST01737,43,Female,Delhi,Business Owner,243764,2758685,Personal Loan,625,3,76630.14,Delayed,Defaulted
CUST00263,59,Female,Jaipur,Business Owner,1238199,287068,Education Loan,701,6,3987.06,Excellent,Approved
CUST01635,48,Male,Pune,Freelancer,2444747,4612051,Car Loan,630,10,38433.76,Missed,Defaulted
CUST01322,46,Male,Lucknow,Self-Employed,1959771,283462,Business Loan,366,18,1312.32,Delayed,Defaulted
CUST01439,44,Male,Chennai,Freelancer,2088529,1476548,Car Loan,403,7,17577.95,Missed,Defaulted
CUST00151,27,Male,Hyderabad,Freelancer,210699,1811369,Education Loan,599,1,150947.42,Missed,Defaulted
CUST00473,52,Female,Ahmedabad,Salaried,1494929,2415885,Car Loan,855,14,14380.27,Missed,Defaulted
CUST00641,57,Male,Pune,Freelancer,2187118,3773234,Personal Loan,746,11,28585.11,Excellent,Approved
CUST01927,62,Female,Lucknow,Self-Employed,626488,3407963,Business Loan,692,8,35499.61,Excellent,Rejected
CUST01923,52,Male,Lucknow,Self-Employed,242056,4243616,Education Loan,429,9,39292.74,Missed,Defaulted
CUST00551,32,Female,Jaipur,Freelancer,2216106,4364896,Business Loan,461,15,24249.42,Good,Defaulted
CUST01817,46,Male,Kolkata,Salaried,873812,430069,Car Loan,454,1,35839.08,Delayed,Defaulted
CUST00929,26,Male,Mumbai,Self-Employed,1246161,2706222,Car Loan,599,10,22551.85,Missed,Defaulted
CUST00489,50,Female,Lucknow,Freelancer,1538106,2018067,Car Loan,303,12,14014.35,Good,Defaulted
CUST01850,64,Male,Delhi,Self-Employed,985833,286538,Education Loan,552,4,5969.54,Missed,Defaulted
CUST01172,39,Male,Bangalore,Freelancer,368785,1780283,Education Loan,604,18,8242.05,Delayed,Rejected
CUST00147,43,Female,Lucknow,Business Owner,1304849,293877,Personal Loan,554,6,4081.62,Missed,Defaulted
CUST01739,24,Female,Hyderabad,Salaried,1118638,1873327,Business Loan,872,18,8672.81,Missed,Defaulted
CUST01969,46,Male,Lucknow,Self-Employed,1575645,2101723,Car Loan,888,4,43785.9,Good,Approved
CUST00403,22,Female,Lucknow,,517875,2432962,Personal Loan,346,1,202746.83,Good,Defaulted
CUST00955,46,Male,Kolkata,Self-Employed,1007744,3440664,Home Loan,707,19,15090.63,Missed,Defaulted
CUST01918,46,Male,Mumbai,Business Owner,2333620,919953,Education Loan,670,6,12777.12,Excellent,Rejected
CUST00660,54,Male,Kolkata,Self-Employed,473349,809401,Business Loan,413,10,6745.01,Excellent,Defaulted
CUST01373,34,Female,Delhi,Salaried,2325480,2545990,Home Loan,592,1,212165.83,Good,Rejected
CUST00464,24,Female,Delhi,Freelancer,1132883,2648133,Business Loan,551,3,73559.25,Excellent,Rejected
CUST01350,60,Male,Pune,Business Owner,1239955,1311368,Education Loan,679,11,9934.61,Good,Approved
CUST00187,23,Male,Hyderabad,Salaried,1452557,3623258,Personal Loan,303,14,21567.01,Good,Defaulted
CUST01148,29,Female,Pune,Freelancer,2199284,1726644,Home Loan,403,16,8992.94,Delayed,Defaulted
CUST01225,58,Male,Hyderabad,Self-Employed,2450229,2927448,Personal Loan,365,19,12839.68,Missed,Defaulted
CUST00609,57,Female,Pune,Freelancer,480852,229001,Business Loan,849,7,2726.2,,Approved
CUST00144,34,Female,Bangalore,Salaried,2133460,1185371,Car Loan,760,9,10975.66,Excellent,Approved
CUST00752,34,Female,Ahmedabad,Freelancer,2012336,3911460,Business Loan,503,15,21730.33,Excellent,Rejected
CUST01535,60,Male,Hyderabad,Freelancer,1004807,1358166,Car Loan,591,12,9431.71,Good,Rejected
CUST00982,29,Female,Delhi,Self-Employed,576794,2765548,Home Loan,325,18,12803.46,Delayed,Defaulted
CUST00198,27,Male,Delhi,Freelancer,1168616,2637551,Personal Loan,404,4,54948.98,Missed,Defaulted
CUST01634,37,Female,Chennai,Business Owner,2001498,50215,Business Loan,461,10,418.46,Excellent,Defaulted
CUST00884,32,Female,Chennai,Self-Employed,1720982,95256,Home Loan,456,4,1984.5,Delayed,Defaulted
CUST00280,54,Female,Jaipur,Self-Employed,1259325,3764755,Car Loan,596,1,313729.58,Delayed,Rejected
CUST00294,59,Male,Bangalore,Salaried,2300343,561162,Car Loan,348,1,46763.5,Delayed,Defaulted
CUST01862,27,Female,Lucknow,Salaried,655150,2683819,Business Loan,861,15,14910.11,Excellent,Rejected
CUST00401,33,Male,Kolkata,Freelancer,2441281,3516032,Personal Loan,408,9,32555.85,Missed,Defaulted
CUST00123,35,Female,Lucknow,Business Owner,1904597,2105845,Business Loan,758,11,15953.37,Missed,Defaulted
CUST01208,53,Female,Ahmedabad,Salaried,2162889,505433,Education Loan,699,19,2216.81,Good,Rejected
CUST00203,59,Male,Lucknow,Self-Employed,1265923,4039284,Home Loan,506,12,28050.58,Missed,Defaulted
CUST01463,50,Female,Pune,Business Owner,1357522,4261422,Business Loan,577,13,27316.81,Missed,Defaulted
CUST00836,24,Male,Hyderabad,Self-Employed,1936263,140417,Personal Loan,683,6,1950.24,Missed,Defaulted
CUST00247,26,Female,Pune,Self-Employed,488859,2625606,Car Loan,610,17,12870.62,Excellent,Rejected
CUST01440,30,Female,Mumbai,Salaried,1294316,4041818,Education Loan,779,11,30619.83,Missed,Defaulted
CUST01734,37,Male,Bangalore,Freelancer,204138,4264086,Business Loan,662,5,71068.1,Delayed,Defaulted
CUST01790,57,Male,Pune,Salaried,1312186,4112834,Business Loan,588,7,48962.31,Delayed,Rejected
CUST01942,25,Female,Pune,Self-Employed,1693551,4591490,Home Loan,466,19,20138.11,Excellent,Defaulted
CUST01708,23,Male,Delhi,Business Owner,1089493,1788614,Education Loan,695,2,74525.58,,Approved
CUST01921,22,Female,Jaipur,Self-Employed,1671867,2366374,Education Loan,552,4,49299.46,Good,Rejected
CUST01154,58,Female,Pune,Self-Employed,478710,4694068,Car Loan,315,17,23010.14,Missed,Defaulted
CUST01662,29,Female,Chennai,Business Owner,295556,3067465,Personal Loan,678,15,17041.47,Excellent,Defaulted
CUST01427,29,Male,Jaipur,Salaried,1813559,3992033,Education Loan,678,19,17508.92,Good,Approved
CUST00385,51,Female,Kolkata,Freelancer,506094,3680400,Education Loan,509,14,21907.14,Excellent,Defaulted
CUST01795,24,Male,Ahmedabad,Salaried,,3021679,Home Loan,451,12,20983.88,Missed,Defaulted
CUST01760,58,Male,Pune,,1569391,2578474,Home Loan,813,12,17906.07,Missed,Defaulted
CUST00855,42,Male,Delhi,Self-Employed,465972,2162368,Home Loan,,3,60065.78,Excellent,Rejected
CUST01590,44,Male,Bangalore,Self-Employed,2478669,1212586,Home Loan,830,14,7217.77,Good,Approved
CUST00220,47,Female,Lucknow,Freelancer,260545,827635,Car Loan,358,19,3629.98,Excellent,Defaulted
CUST00642,48,Female,Hyderabad,Salaried,2469070,1960217,Car Loan,590,18,9075.08,,Defaulted
CUST00002,50,Male,Jaipur,,1701681,2688439,Home Loan,301,4,56009.15,Missed,Defaulted
CUST00113,48,Male,Chennai,Business Owner,365575,515590,Business Loan,387,14,3068.99,Missed,Defaulted
CUST00699,61,Female,Delhi,Business Owner,421373,4202567,Business Loan,547,17,20600.82,Excellent,Defaulted
CUST01956,22,Female,Chennai,Salaried,,872564,Personal Loan,513,8,9089.21,Delayed,Rejected
CUST00952,35,Female,Hyderabad,Salaried,1199430,3585647,Personal Loan,325,8,37350.49,Excellent,Defaulted
CUST01649,36,Male,Jaipur,Self-Employed,683779,4642087,Education Loan,343,3,128946.86,Excellent,Defaulted
CUST01637,46,Female,Bangalore,Salaried,2021573,3219562,Education Loan,460,10,26829.68,Missed,Defaulted
CUST01785,55,Female,Lucknow,Business Owner,1333754,167769,Car Loan,501,13,1075.44,Delayed,Rejected
CUST01411,36,Female,Bangalore,Self-Employed,879892,4347084,Personal Loan,635,13,27865.92,Excellent,Rejected
CUST01410,30,Male,Chennai,Business Owner,481854,4074919,Home Loan,634,19,17872.45,Excellent,Defaulted
CUST01534,33,Male,Hyderabad,Freelancer,2256501,3917239,Education Loan,674,8,40804.57,Good,Approved
CUST01292,46,Male,Bangalore,Self-Employed,229336,1454962,Home Loan,694,13,9326.68,Missed,Defaulted
CUST01847,26,Female,Ahmedabad,Self-Employed,2363349,299264,Home Loan,483,13,1918.36,Delayed,Defaulted
CUST00442,31,Female,Jaipur,Salaried,1626445,400679,Education Loan,367,1,33389.92,Excellent,Defaulted
CUST01521,63,Male,Hyderabad,Self-Employed,1402060,1927779,Personal Loan,695,10,16064.82,Missed,Defaulted
CUST01137,53,Female,Bangalore,Freelancer,1783214,1474473,Education Loan,859,16,7679.55,Excellent,Approved
CUST01716,32,Female,Chennai,Freelancer,453091,1639426,Business Loan,374,16,8538.68,Missed,Defaulted
CUST01257,23,Female,Hyderabad,Salaried,364074,2261130,Personal Loan,619,5,37685.5,Excellent,Defaulted
CUST01903,43,Male,Chennai,Salaried,1333183,494874,Business Loan,840,8,5154.94,Missed,Defaulted
CUST01632,39,Female,Mumbai,Freelancer,784010,3693488,Business Loan,338,10,30779.07,Excellent,Defaulted
CUST01696,54,Female,Delhi,Salaried,,4696386,Business Loan,311,11,35578.68,Good,Defaulted
CUST01398,26,Female,Chennai,Business Owner,624528,1966796,Education Loan,357,1,163899.67,Good,Defaulted
CUST00664,32,Male,Bangalore,Salaried,2229450,4117784,Education Loan,348,11,31195.33,Good,Defaulted
CUST01874,58,Female,Jaipur,Business Owner,1190121,3941865,Car Loan,675,17,19322.87,Missed,Defaulted
CUST01258,64,Female,Hyderabad,Freelancer,2239096,1257739,Home Loan,481,2,52405.79,Delayed,Defaulted
CUST01811,58,Male,Lucknow,Salaried,1542501,4574105,Car Loan,662,7,54453.63,Delayed,Rejected
CUST01701,34,Female,Bangalore,Freelancer,480833,804981,Business Loan,740,5,13416.35,Excellent,Rejected
CUST00318,52,Male,Ahmedabad,,2118596,1082499,Business Loan,426,1,90208.25,Delayed,Defaulted
CUST00649,50,Female,Pune,Salaried,1726534,1135610,Home Loan,509,17,5566.72,Good,Rejected
CUST01435,24,Female,Lucknow,Business Owner,2165730,2678973,Business Loan,743,3,74415.92,Delayed,Approved
CUST01480,29,Female,Jaipur,Salaried,391387,840671,Business Loan,743,10,7005.59,Excellent,Rejected
CUST00710,22,Female,Lucknow,Freelancer,494746,3859395,Business Loan,383,4,80404.06,Good,Defaulted
CUST01383,34,Female,Ahmedabad,Business Owner,585893,4689148,Car Loan,663,1,390762.33,Missed,Defaulted
CUST01283,55,Female,Delhi,Self-Employed,2037753,4501116,Car Loan,422,17,22064.29,Excellent,Defaulted
CUST01769,54,Female,Kolkata,Self-Employed,572397,3461097,Car Loan,355,9,32047.19,Excellent,Defaulted
CUST00973,23,Male,Delhi,Salaried,707365,2720492,Education Loan,628,16,14169.23,Excellent,Rejected
CUST00628,59,Male,Lucknow,Freelancer,221253,2086503,Education Loan,396,17,10227.96,Missed,Defaulted
CUST00633,49,Male,Delhi,Self-Employed,1058379,2459409,Business Loan,850,6,34158.46,Delayed,Approved
CUST01307,38,Female,Bangalore,Salaried,978883,4458608,Business Loan,450,5,74310.13,Missed,Defaulted
CUST01401,24,Male,Hyderabad,Business Owner,2455915,3135945,Personal Loan,414,8,32666.09,Missed,Defaulted
CUST01409,36,Female,Delhi,Self-Employed,892137,399115,Business Loan,418,1,33259.58,Missed,Defaulted
CUST01249,55,Female,Delhi,Freelancer,1048923,2249318,Car Loan,324,18,10413.51,Delayed,Defaulted
CUST01993,26,Female,Mumbai,Freelancer,2242754,2168736,Home Loan,308,3,60242.67,Good,Defaulted
CUST01255,42,Female,Jaipur,Self-Employed,1833812,3246699,Business Loan,,18,15031.01,Missed,Defaulted
CUST01497,61,Male,Hyderabad,Business Owner,347745,2148729,Home Loan,476,10,17906.08,Missed,Defaulted
CUST01372,46,Male,Lucknow,Freelancer,1302686,342007,Personal Loan,740,12,2375.05,Missed,Defaulted
CUST01530,23,Male,Pune,Freelancer,427189,1565509,Home Loan,532,5,26091.82,Good,Rejected
CUST01664,34,Male,Bangalore,Self-Employed,1405565,2452114,Education Loan,589,19,10754.89,Delayed,Rejected
CUST01355,38,Female,Kolkata,Business Owner,1758426,1637542,Car Loan,505,16,8528.86,Delayed,Rejected
CUST01966,42,Male,Pune,Salaried,1906826,2035404,Home Loan,501,14,12115.5,Excellent,Rejected
CUST01941,32,Male,Kolkata,Self-Employed,1947378,3708997,Business Loan,598,4,77270.77,Excellent,Rejected
CUST01644,24,Female,Delhi,Self-Employed,1857888,1366303,Home Loan,857,18,6325.48,Excellent,Approved
CUST01888,64,Male,Jaipur,Salaried,1202429,3985388,Car Loan,569,9,36901.74,Good,Rejected
CUST00796,47,Male,Jaipur,Business Owner,1052746,2885743,Education Loan,306,18,13359.92,Delayed,Defaulted
CUST00646,41,Female,Bangalore,Salaried,1071877,3157548,Home Loan,785,14,18794.93,Excellent,Approved
CUST01013,50,Female,Bangalore,Self-Employed,1071808,1591019,Education Loan,485,13,10198.84,Good,Defaulted
CUST01878,33,Male,Pune,Self-Employed,1277921,1810143,Car Loan,872,11,13713.2,Delayed,Rejected
CUST00557,59,Female,Jaipur,Freelancer,2159310,3970367,Home Loan,369,10,33086.39,Missed,Defaulted
CUST00682,26,Male,Delhi,Business Owner,419780,1353306,Personal Loan,824,16,7048.47,Good,Approved
CUST00578,27,Female,Pune,Freelancer,1408948,563953,Home Loan,538,6,7832.68,Missed,Defaulted
CUST01820,60,Male,Lucknow,Business Owner,975107,2491559,Car Loan,433,19,10927.89,Missed,Defaulted
CUST01110,22,Male,Pune,Salaried,2308542,1574631,Car Loan,722,15,8747.95,Delayed,Approved
CUST01267,57,Male,Mumbai,Salaried,2053207,1161288,Business Loan,702,7,13824.86,Excellent,Approved
CUST01723,52,Female,Ahmedabad,Business Owner,1619920,1894277,Personal Loan,892,7,22550.92,Missed,Defaulted
CUST01184,23,Female,Lucknow,Self-Employed,2224241,387462,Car Loan,732,6,5381.42,Excellent,Rejected
CUST00525,33,Male,Bangalore,Freelancer,268920,539415,Home Loan,406,19,2365.86,Excellent,Defaulted
CUST01060,44,Female,Delhi,Self-Employed,1430746,4140284,Car Loan,655,9,38335.96,Delayed,Approved
CUST00541,60,Female,Hyderabad,Business Owner,686799,3009470,Home Loan,339,8,31348.65,Missed,Defaulted
CUST01195,26,Male,Pune,Salaried,1160652,2767892,Education Loan,765,13,17742.9,Excellent,Approved
CUST01679,29,Male,Mumbai,Business Owner,1211930,3043349,Car Loan,594,19,13348.02,Excellent,Rejected
CUST00749,55,Male,Hyderabad,Business Owner,2423650,4178784,Personal Loan,381,7,49747.43,Excellent,Defaulted
CUST01891,41,Female,Mumbai,Salaried,804489,1665181,Personal Loan,323,7,19823.58,Delayed,Defaulted
CUST01431,64,Male,Jaipur,Freelancer,1341340,530350,Personal Loan,648,7,6313.69,Missed,Defaulted
CUST00485,62,Female,Lucknow,Freelancer,2028022,1455802,Education Loan,392,6,20219.47,Excellent,Defaulted
CUST01758,40,Female,Bangalore,Business Owner,605841,614174,Personal Loan,808,7,7311.6,Good,Approved
CUST00096,26,Male,Ahmedabad,Salaried,1324905,4340697,Education Loan,304,5,72344.95,Missed,Defaulted
CUST01021,47,Male,Delhi,Salaried,894780,4582889,Business Loan,754,18,21217.08,Missed,Defaulted
CUST00564,23,Male,Kolkata,Business Owner,1484294,1340894,Car Loan,850,1,111741.17,Good,Approved
CUST01265,61,Male,Ahmedabad,Self-Employed,393069,2487587,Home Loan,399,2,103649.46,Excellent,Defaulted
CUST00743,38,Male,Chennai,Self-Employed,1009178,4800014,Education Loan,305,11,36363.74,Missed,Defaulted
CUST00864,30,Female,Pune,Freelancer,1843312,3520431,Personal Loan,569,1,293369.25,Delayed,Rejected
CUST01599,62,Male,Delhi,Self-Employed,1233668,1768562,Home Loan,378,18,8187.79,Delayed,Defaulted
CUST01715,61,Male,Jaipur,Freelancer,938096,56464,Car Loan,612,17,276.78,Delayed,Rejected
CUST01485,58,Male,Bangalore,Freelancer,562916,2244358,Education Loan,414,2,93514.92,Missed,Defaulted
CUST00892,41,Female,Pune,Business Owner,413981,2700432,Business Loan,569,10,22503.6,Delayed,Defaulted
CUST01578,33,Male,Lucknow,Salaried,873647,2615820,Personal Loan,706,10,21798.5,Delayed,Approved
CUST01039,39,Male,Kolkata,Self-Employed,2190922,2076819,Business Loan,622,13,13312.94,Good,Rejected
CUST00207,27,Female,Kolkata,Self-Employed,1730891,1284215,Education Loan,368,11,9728.9,Delayed,Defaulted
CUST00393,38,Female,Jaipur,Freelancer,544710,2649327,Home Loan,564,15,14718.48,Excellent,Rejected
CUST00795,38,Male,Delhi,Freelancer,2225739,2122723,Education Loan,558,10,17689.36,Missed,Defaulted
CUST00871,52,Male,Chennai,Self-Employed,1925322,198725,Home Loan,373,1,16560.42,Missed,Defaulted
CUST00398,47,Male,Chennai,Business Owner,2320539,2999311,Business Loan,375,11,22722.05,Delayed,Defaulted
CUST00767,53,Female,Pune,Freelancer,1524667,226355,Home Loan,791,4,4715.73,Excellent,Approved
CUST01880,41,Male,Delhi,Self-Employed,2156874,2989701,Personal Loan,448,6,41523.62,Good,Defaulted
CUST01242,43,Male,Mumbai,Salaried,701590,4412200,Education Loan,531,9,40853.7,Excellent,Defaulted
CUST01029,59,Male,Delhi,,1700134,4082371,Home Loan,351,13,26169.04,Missed,Defaulted
CUST01793,63,Male,Bangalore,Self-Employed,898787,2516511,Personal Loan,676,19,11037.33,Good,Rejected
CUST00643,38,Male,Pune,Salaried,419055,1650741,Car Loan,711,2,68780.88,Excellent,Rejected
CUST01932,30,Female,Lucknow,Freelancer,1606150,3567778,Business Loan,639,14,21236.77,Good,Approved
CUST00613,39,Female,Bangalore,Self-Employed,1390631,3177022,Education Loan,523,18,14708.44,Missed,Defaulted
CUST01763,24,Male,Hyderabad,Salaried,1930085,2515596,Business Loan,799,19,11033.32,Delayed,Approved
CUST00961,60,Male,Delhi,Business Owner,217297,2430612,Education Loan,822,11,18413.73,Missed,Defaulted
CUST01571,31,Female,Hyderabad,Self-Employed,2359173,3249362,Education Loan,351,9,30086.69,Missed,Defaulted
CUST00726,55,Male,Lucknow,Freelancer,954105,4925217,Personal Loan,810,11,37312.25,Good,Rejected
CUST00684,24,Male,Lucknow,Business Owner,,3882809,Home Loan,610,4,80891.85,Good,Approved
CUST00099,62,Male,Bangalore,Salaried,1564973,1960332,Business Loan,481,15,10890.73,Delayed,Defaulted
CUST00805,49,Female,Kolkata,Freelancer,1684738,4995697,Education Loan,797,1,416308.08,Excellent,Approved
CUST01752,29,Female,Kolkata,Freelancer,1538306,3972380,Personal Loan,351,4,82757.92,Good,Defaulted
CUST01598,34,Female,Bangalore,Self-Employed,1223920,2425100,Car Loan,802,2,101045.83,Excellent,Approved
CUST00407,61,Male,Mumbai,Salaried,1426134,631904,Education Loan,445,5,10531.73,Excellent,Defaulted
CUST00503,53,Female,Lucknow,Self-Employed,716595,906636,Home Loan,623,4,18888.25,Delayed,Approved
CUST01072,30,Female,Ahmedabad,Business Owner,325438,3978685,Education Loan,,5,66311.42,Delayed,Defaulted
CUST01057,62,Male,Jaipur,Freelancer,621280,3846315,Business Loan,323,12,26710.52,Missed,Defaulted
CUST00930,35,Male,Bangalore,Self-Employed,694178,1177109,Education Loan,,6,16348.74,Good,Rejected
CUST00780,27,Male,Kolkata,Freelancer,691450,91743,Home Loan,570,17,449.72,Good,Rejected
CUST01864,35,Male,Jaipur,Freelancer,1762518,3846098,Car Loan,893,12,26709.01,Delayed,Approved
CUST00201,32,Male,Lucknow,,1690036,2559907,Education Loan,728,6,35554.26,Good,Rejected
CUST00135,25,Male,Jaipur,Freelancer,1347116,915256,Education Loan,310,2,38135.67,Delayed,Defaulted
CUST01052,52,Female,Lucknow,Salaried,2427503,1744000,Personal Loan,632,11,13212.12,Missed,Defaulted
CUST00041,46,Female,Hyderabad,Business Owner,1569909,1250532,Education Loan,356,15,6947.4,Excellent,Defaulted
CUST01018,52,Male,Lucknow,Self-Employed,1706145,113014,Car Loan,398,3,3139.28,Missed,Defaulted
CUST00231,61,Male,Kolkata,Self-Employed,,3080486,Education Loan,350,15,17113.81,Delayed,Defaulted
CUST01514,48,Male,Delhi,Salaried,1194620,466690,Home Loan,321,19,2046.89,Missed,Defaulted
CUST01797,61,Female,Kolkata,Self-Employed,,1298749,Home Loan,668,13,8325.31,Delayed,Approved
CUST00379,29,Female,Chennai,Freelancer,1501367,3652571,Personal Loan,584,2,152190.46,Excellent,Rejected
CUST00289,33,Female,Hyderabad,Freelancer,2185957,2049117,Home Loan,691,3,56919.92,Missed,Defaulted
CUST00419,43,Female,Chennai,Freelancer,304555,3502629,Education Loan,692,15,19459.05,Missed,Defaulted
CUST01699,54,Male,Lucknow,Self-Employed,2351482,1243502,Home Loan,751,1,103625.17,Delayed,Rejected
CUST00392,40,Male,Chennai,Self-Employed,1041965,4882094,Car Loan,551,7,58120.17,Excellent,Rejected
CUST00593,62,Male,Bangalore,Business Owner,738645,4652606,Car Loan,813,13,29824.4,Good,Defaulted
CUST01523,53,Male,Chennai,Freelancer,1044081,1851951,Home Loan,866,7,22047.04,Excellent,Approved
CUST01163,35,Male,Jaipur,Salaried,1395885,4507632,Personal Loan,888,16,23477.25,Missed,Defaulted
CUST01087,38,Male,Hyderabad,Freelancer,842613,2583200,Home Loan,582,1,215266.67,Missed,Defaulted
CUST01496,55,Female,Ahmedabad,Freelancer,1178754,1048899,Home Loan,311,6,14568.04,Excellent,Defaulted
CUST00648,49,Female,Ahmedabad,Freelancer,280257,2388401,Personal Loan,350,17,11707.85,Excellent,Defaulted
CUST01153,29,Male,Delhi,Self-Employed,1672542,3070745,Education Loan,807,11,23263.22,Good,Approved
CUST01368,36,Female,Bangalore,Self-Employed,2437035,1052021,Education Loan,627,1,87668.42,Missed,Defaulted
CUST00521,57,Male,Mumbai,Freelancer,1919014,1792955,Business Loan,470,15,9960.86,Delayed,Defaulted
CUST01863,41,Female,Hyderabad,Self-Employed,709551,3344900,Home Loan,370,6,46456.94,Good,Defaulted
CUST01881,45,Female,Delhi,,1209869,2292365,Business Loan,387,16,11939.4,Delayed,Defaulted
CUST00065,57,Female,Delhi,Freelancer,701174,2057338,Car Loan,829,16,10715.3,Missed,Defaulted
CUST01837,24,Female,Jaipur,Business Owner,261753,1819361,Home Loan,567,19,7979.65,Good,Defaulted
CUST00015,45,Male,Bangalore,Business Owner,1557133,4141685,Car Loan,535,10,34514.04,Excellent,Rejected
CUST01181,57,Male,Pune,Business Owner,1140240,367942,Home Loan,773,9,3406.87,Missed,Defaulted
CUST01065,57,Male,Chennai,Self-Employed,1672178,360435,Home Loan,795,9,3337.36,Delayed,Rejected
CUST00493,57,Male,Delhi,Business Owner,1701584,3402214,Car Loan,828,13,21809.06,Good,Approved
CUST00380,26,Female,Pune,Self-Employed,1178836,1187613,Car Loan,495,10,9896.78,Excellent,Defaulted
CUST00188,49,Male,Jaipur,Business Owner,304211,1540017,Car Loan,580,19,6754.46,Missed,Defaulted
CUST00764,25,Female,Kolkata,Self-Employed,1276941,4202092,Business Loan,345,12,29181.19,Good,Defaulted
CUST00217,41,Female,Pune,Freelancer,1135772,1967577,Personal Loan,449,13,12612.67,Good,Defaulted
CUST00792,43,Female,Hyderabad,,1323389,1326485,Business Loan,514,3,36846.81,Delayed,Rejected
CUST01077,46,Female,Jaipur,Salaried,835719,3048778,Personal Loan,805,15,16937.66,Delayed,Approved
CUST00879,27,Female,Pune,Freelancer,391420,104745,Home Loan,328,1,8728.75,Delayed,Defaulted
CUST00338,63,Female,Hyderabad,Salaried,2189968,2483351,Personal Loan,452,12,17245.49,Delayed,Defaulted
CUST01773,42,Female,Kolkata,Self-Employed,626674,1985772,Home Loan,443,7,23640.14,Missed,Defaulted
CUST00720,23,Female,Ahmedabad,Self-Employed,1353224,3674656,Car Loan,313,16,19138.83,Delayed,Defaulted
CUST01749,46,Female,Hyderabad,Salaried,352353,1830832,Business Loan,748,3,50856.44,Good,Rejected
CUST00296,48,Male,Hyderabad,Salaried,1444289,3461134,Education Loan,368,17,16966.34,Missed,Defaulted
CUST01726,33,Female,Pune,Salaried,1649466,2126259,Business Loan,376,15,11812.55,Delayed,Defaulted
CUST01017,48,Male,Delhi,Freelancer,1307054,1707583,Business Loan,837,9,15810.95,Good,Approved
CUST01276,57,Female,Delhi,Self-Employed,1261404,797948,Education Loan,570,18,3694.2,Missed,Defaulted
CUST01751,57,Female,Pune,Salaried,1783306,2414825,Personal Loan,639,18,11179.75,Excellent,Approved
CUST01486,34,Female,Lucknow,Business Owner,378048,1858566,Home Loan,420,2,77440.25,Delayed,Defaulted
CUST00456,45,Male,Kolkata,Salaried,1363490,1440254,Car Loan,762,9,13335.69,Good,Approved
CUST00578,27,Female,Pune,Freelancer,1408948,563953,Home Loan,538,6,7832.68,Missed,Defaulted
CUST00816,39,Female,Hyderabad,Business Owner,2275712,1669282,Business Loan,891,5,27821.37,Good,Approved
CUST01887,52,Male,Jaipur,Freelancer,1221436,4910345,Education Loan,681,6,68199.24,Good,Rejected
CUST00270,50,Female,Delhi,Freelancer,1436180,1688846,Education Loan,599,8,17592.15,Delayed,Rejected
CUST00996,54,Female,Hyderabad,Salaried,2055546,2384482,Car Loan,432,18,11039.27,Excellent,Defaulted
CUST00202,38,Male,Chennai,Salaried,2009377,1856210,Car Loan,733,15,10312.28,Missed,Defaulted
CUST00162,48,Male,Mumbai,Salaried,1946621,2545389,Personal Loan,525,13,16316.6,Delayed,Rejected
CUST01580,56,Male,Ahmedabad,Self-Employed,908672,4128813,Car Loan,661,4,86016.94,Good,Rejected
CUST00730,48,Female,Pune,Self-Employed,1211316,1411425,Education Loan,520,7,16802.68,Missed,Defaulted
CUST00402,22,Female,Ahmedabad,Salaried,1892110,798692,Business Loan,821,9,7395.3,Excellent,Approved
CUST00703,52,Female,Hyderabad,Self-Employed,571233,665416,Business Loan,330,16,3465.71,Missed,Defaulted
CUST01501,27,Male,Jaipur,Self-Employed,1255991,4255089,Business Loan,463,3,118196.92,Missed,Defaulted
CUST01846,22,Female,Delhi,Self-Employed,1304934,4295576,Personal Loan,613,14,25568.9,Good,Approved
CUST01796,39,Female,Delhi,Freelancer,2452641,4184608,Personal Loan,618,10,34871.73,Excellent,Approved
CUST01130,59,Male,Mumbai,Self-Employed,663937,516589,Education Loan,836,4,10762.27,Missed,Defaulted
CUST00566,50,Female,Chennai,Freelancer,1884351,1147996,Home Loan,,10,9566.63,Excellent,Rejected
CUST01414,33,Female,Pune,Salaried,1836091,4092942,Business Loan,490,16,21317.41,Delayed,Defaulted
CUST01022,64,Male,Mumbai,Business Owner,1071522,3241849,Business Loan,,12,22512.84,Good,Defaulted
CUST01026,32,Male,Bangalore,Salaried,2472919,1347682,Car Loan,550,18,6239.27,Good,Rejected
CUST01412,45,Male,Hyderabad,Salaried,1901591,867166,Business Loan,838,6,12043.97,Excellent,Approved
CUST01896,42,Male,Delhi,Freelancer,1391855,1400816,Education Loan,837,3,38911.56,Excellent,Approved
CUST01586,27,Female,Hyderabad,Business Owner,1583875,328518,Personal Loan,319,10,2737.65,Excellent,Defaulted
CUST01105,41,Female,Bangalore,Business Owner,1238336,4123542,Education Loan,692,10,34362.85,Missed,Defaulted
CUST00206,55,Female,Pune,Self-Employed,1164163,4990359,Business Loan,887,4,103965.81,Excellent,Rejected
CUST00035,28,Female,Lucknow,Freelancer,2053751,984048,Personal Loan,593,10,8200.4,Missed,Defaulted
CUST00776,49,Female,Hyderabad,Freelancer,2278808,2610837,Education Loan,315,19,11451.04,Good,Defaulted
CUST00509,34,Female,Ahmedabad,Salaried,2350224,966004,Home Loan,595,6,13416.72,Good,Rejected
CUST01452,34,Male,Delhi,Freelancer,967876,3451461,Car Loan,386,7,41088.82,Good,Defaulted
CUST01479,59,Male,Kolkata,Freelancer,425391,4153099,Home Loan,308,18,19227.31,Missed,Defaulted
CUST01497,61,Male,Hyderabad,Business Owner,347745,2148729,Home Loan,476,10,17906.08,Missed,Defaulted
CUST01391,50,Male,Bangalore,Salaried,,1417064,Home Loan,539,1,118088.67,,Rejected
CUST00092,29,Female,Pune,Self-Employed,1358423,3895474,Car Loan,845,12,27051.9,Good,Approved
CUST01364,61,Male,Jaipur,Business Owner,1184156,2648385,Personal Loan,560,12,18391.56,Delayed,Rejected
CUST00898,35,Male,Chennai,Salaried,1398734,3650952,Education Loan,831,19,16012.95,Good,Approved
CUST00565,26,Female,Delhi,Self-Employed,2347753,758092,Personal Loan,856,7,9024.9,Excellent,Approved
CUST01370,50,Female,Lucknow,Business Owner,947852,1468314,Car Loan,362,19,6439.97,Good,Defaulted
CUST00777,63,Male,Chennai,Salaried,1557453,3724942,Personal Loan,870,18,17245.1,Good,Approved
CUST00242,37,Male,Bangalore,Salaried,1497638,921535,Car Loan,513,3,25598.19,Excellent,Rejected
CUST00014,61,Male,Jaipur,Self-Employed,1155154,2259853,Car Loan,737,6,31386.85,Excellent,Rejected
CUST00316,45,Female,Kolkata,Freelancer,1873879,4162732,Education Loan,832,6,57815.72,Delayed,Rejected
CUST00601,59,Male,Bangalore,Self-Employed,2367354,2956492,Personal Loan,613,5,49274.87,Missed,Defaulted
CUST00388,37,Female,Delhi,Business Owner,883404,3647170,Education Loan,578,4,75982.71,Missed,Defaulted
CUST01298,56,Male,Mumbai,Salaried,2478348,3894328,Personal Loan,320,4,81131.83,Delayed,Defaulted
CUST00167,27,Female,Jaipur,Self-Employed,2118370,3667597,Business Loan,374,11,27784.83,Excellent,Defaulted
CUST00841,55,Female,Delhi,Business Owner,,1973782,Personal Loan,635,7,23497.4,Missed,Defaulted
CUST00021,59,Male,Delhi,Salaried,624226,1308624,Car Loan,428,18,6058.44,Excellent,Defaulted
CUST00647,34,Female,Lucknow,Salaried,1456715,4464011,Home Loan,895,4,93000.23,Missed,Defaulted
CUST01843,33,Male,Ahmedabad,Salaried,855496,2978339,Personal Loan,440,15,16546.33,Missed,Defaulted
CUST01509,34,Male,Jaipur,Freelancer,2012105,3533978,Car Loan,552,7,42071.17,Good,Rejected
CUST01155,24,Female,Hyderabad,Salaried,862550,3352923,Personal Loan,797,19,14705.8,,Approved
CUST01529,57,Female,Kolkata,Freelancer,2435438,839148,Car Loan,756,1,69929,Missed,Defaulted
CUST00832,41,Female,Delhi,Freelancer,1234586,1201882,Home Loan,763,12,8346.4,Delayed,Approved
CUST01268,60,Female,Pune,Business Owner,1809473,3348273,Education Loan,695,10,27902.28,Missed,Defaulted
CUST01591,47,Female,Chennai,Freelancer,2367457,4767776,Business Loan,675,8,49664.33,Excellent,Approved
CUST01900,53,Male,Chennai,Salaried,270463,2087171,Education Loan,796,11,15811.9,Delayed,Defaulted
CUST00563,48,Female,Chennai,Salaried,1487087,4031383,Business Loan,695,16,20996.79,Delayed,Rejected
CUST01992,33,Male,Jaipur,Self-Employed,1997519,1429339,Car Loan,490,15,7940.77,Missed,Defaulted
CUST00687,58,Female,Ahmedabad,Salaried,1693934,2912349,Education Loan,454,4,60673.94,Missed,Defaulted
CUST00958,39,Male,Ahmedabad,Business Owner,899539,241896,Car Loan,487,10,2015.8,Good,Defaulted
CUST00190,58,Male,Mumbai,Self-Employed,687689,919446,Business Loan,719,12,6385.04,Good,Approved
CUST01807,63,Female,Chennai,Business Owner,497986,1154315,Home Loan,747,2,48096.46,Excellent,Approved
CUST00976,61,Female,Chennai,Salaried,1222788,2984317,Education Loan,787,1,248693.08,Missed,Defaulted
CUST00700,53,Male,Delhi,Self-Employed,1606368,806079,Business Loan,563,3,22391.08,Good,Rejected
CUST01500,54,Female,Hyderabad,Self-Employed,2267636,1001302,Home Loan,745,10,8344.18,Good,Approved
CUST01706,43,Female,Delhi,Self-Employed,1919374,4928274,Home Loan,379,17,24158.21,Missed,Defaulted
CUST00511,46,Female,Bangalore,Salaried,1271860,477244,Home Loan,623,3,13256.78,Delayed,Rejected
CUST01083,39,Female,Pune,Salaried,1406751,3906600,Personal Loan,692,10,32555,Delayed,Approved
CUST00475,56,Male,Pune,Self-Employed,2226683,3640437,Personal Loan,625,11,27579.07,Good,Approved
CUST01585,54,Male,Jaipur,Salaried,496063,4380972,Education Loan,413,3,121693.67,Missed,Defaulted
CUST00857,27,Male,Jaipur,Salaried,2433706,926336,Car Loan,422,2,38597.33,Missed,Defaulted
CUST00748,26,Female,Kolkata,Self-Employed,1513379,1477197,Home Loan,805,1,123099.75,Missed,Defaulted
CUST00253,40,Female,Pune,Salaried,1441597,2319409,Business Loan,,15,12885.61,Missed,Defaulted
CUST00022,23,Male,Ahmedabad,Self-Employed,1618897,1012452,Personal Loan,709,1,84371,Excellent,Rejected
CUST01338,43,Female,Bangalore,Self-Employed,798506,2443946,Home Loan,582,18,11314.56,Missed,Defaulted
CUST00460,54,Male,Chennai,Business Owner,1439444,4225318,Business Loan,495,3,117369.94,Missed,Defaulted
CUST01185,22,Male,Delhi,Self-Employed,934983,3978207,Personal Loan,452,1,331517.25,,Defaulted
CUST00277,57,Male,Kolkata,Business Owner,1533140,2432865,Personal Loan,624,16,12671.17,Good,Approved
CUST00956,63,Male,Pune,Self-Employed,948736,1671788,Car Loan,,14,9951.12,Missed,Defaulted
CUST01216,60,Female,Kolkata,Self-Employed,711511,4726103,Home Loan,315,2,196920.96,Missed,Defaulted
CUST00386,56,Male,Pune,Business Owner,1436497,2904119,Personal Loan,828,10,24200.99,Good,Approved
CUST00806,44,Male,Chennai,Self-Employed,601067,3161500,Business Loan,327,4,65864.58,Missed,Defaulted
CUST01438,26,Male,Chennai,Business Owner,875673,3962669,Personal Loan,,2,165111.21,Good,Defaulted
CUST01516,28,Female,Delhi,Freelancer,814741,3046244,Education Loan,739,14,18132.4,Good,Rejected
CUST00344,30,Female,Lucknow,Business Owner,1738510,2523188,Car Loan,667,5,42053.13,Delayed,Approved
CUST00770,50,Female,Ahmedabad,Self-Employed,1364795,170243,Personal Loan,810,17,834.52,,Approved
CUST01333,28,Female,Lucknow,Self-Employed,1112743,1722349,Business Loan,715,3,47843.03,Delayed,Approved
CUST01686,53,Female,Kolkata,Salaried,261842,2091215,Business Loan,835,6,29044.65,Delayed,Defaulted
CUST00131,34,Male,Mumbai,Freelancer,508623,3006151,Education Loan,654,4,62628.15,Delayed,Rejected
CUST01688,37,Male,Jaipur,Self-Employed,489134,3752590,Car Loan,836,18,17373.1,Excellent,Defaulted
CUST00872,27,Male,Pune,Salaried,1563501,541215,Education Loan,470,5,9020.25,Missed,Defaulted
CUST01124,39,Male,Mumbai,Self-Employed,2307359,1020278,Home Loan,688,14,6073.08,Excellent,Rejected
CUST01397,41,Male,Pune,Salaried,1174250,1975464,Business Loan,702,3,54874,Excellent,Rejected
CUST00088,29,Female,Lucknow,Self-Employed,2254780,4690176,Car Loan,578,16,24428,Good,Rejected
CUST01483,39,Female,Ahmedabad,Freelancer,1574073,4738195,Education Loan,704,16,24678.1,Missed,Defaulted
CUST00331,61,Female,Pune,Freelancer,1718087,1280796,Education Loan,536,4,26683.25,Excellent,Rejected
CUST01239,33,Female,Lucknow,Self-Employed,1283349,2877754,Education Loan,842,1,239812.83,Missed,Defaulted
CUST00467,61,Female,Pune,Freelancer,2365251,1384649,Business Loan,797,13,8875.96,Missed,Defaulted
CUST00122,47,Male,Lucknow,Salaried,1754205,1151267,Home Loan,816,6,15989.82,Good,Approved
CUST01639,50,Male,Kolkata,Freelancer,1390456,322544,Business Loan,333,17,1581.1,Missed,Defaulted
CUST01045,57,Male,Hyderabad,Self-Employed,1339664,1250847,Personal Loan,420,5,20847.45,Missed,Defaulted
CUST01725,62,Male,Ahmedabad,Freelancer,1954867,1441579,Home Loan,830,3,40043.86,Missed,Defaulted
CUST01096,64,Female,Chennai,Salaried,1538530,882307,Business Loan,678,3,24508.53,Delayed,Approved
CUST01131,25,Female,Jaipur,Self-Employed,1392097,2443365,Personal Loan,685,19,10716.51,Excellent,Rejected
CUST01295,63,Female,Pune,Business Owner,1309816,2963293,Home Loan,711,18,13718.95,Missed,Defaulted
CUST00861,51,Female,Chennai,Self-Employed,2479176,2335221,Personal Loan,439,13,14969.37,Missed,Defaulted
CUST01460,62,Female,Ahmedabad,Salaried,246002,3916585,Education Loan,622,3,108794.03,,Defaulted
CUST01127,23,Male,Chennai,Business Owner,359292,2998134,Car Loan,554,7,35692.07,Good,Defaulted
